motif_id	motif_alt_id	sequence_name	start	stop	strand	score	p-value	q-value	matched_sequence
WGGGTGTGGYY	MEME-1	chr7	19832440	19832450	-	17.2817	2.11e-07	0.00972	TGGGTGTGGCC
WGGGTGTGGYY	MEME-1	chr2	25743057	25743067	+	17.2817	2.11e-07	0.00972	TGGGTGTGGCC
WGGGTGTGGYY	MEME-1	chr4	32996410	32996420	-	17.2817	2.11e-07	0.00972	TGGGTGTGGCC
WGGGTGTGGYY	MEME-1	chr17	43466740	43466750	-	17.2817	2.11e-07	0.00972	TGGGTGTGGCC
WGGGTGTGGYY	MEME-1	chr19	53260146	53260156	+	17.2817	2.11e-07	0.00972	TGGGTGTGGCC
WGGGTGTGGYY	MEME-1	chr10	57527816	57527826	-	17.2817	2.11e-07	0.00972	TGGGTGTGGCC
WGGGTGTGGYY	MEME-1	chr7	71081462	71081472	-	17.2817	2.11e-07	0.00972	TGGGTGTGGCC
WGGGTGTGGYY	MEME-1	chr17	84179756	84179766	+	17.2817	2.11e-07	0.00972	TGGGTGTGGCC
WGGGTGTGGYY	MEME-1	chr17	85277861	85277871	-	17.2817	2.11e-07	0.00972	TGGGTGTGGCC
WGGGTGTGGYY	MEME-1	chr7	91033891	91033901	-	17.2817	2.11e-07	0.00972	TGGGTGTGGCC
WGGGTGTGGYY	MEME-1	chr9	112905393	112905403	+	17.2817	2.11e-07	0.00972	TGGGTGTGGCC
WGGGTGTGGYY	MEME-1	chr4	135730901	135730911	+	17.2817	2.11e-07	0.00972	TGGGTGTGGCC
WGGGTGTGGYY	MEME-1	chr1	135847245	135847255	-	17.2817	2.11e-07	0.00972	TGGGTGTGGCC
WGGGTGTGGYY	MEME-1	chr7	139969906	139969916	-	17.2817	2.11e-07	0.00972	TGGGTGTGGCC
WGGGTGTGGYY	MEME-1	chr5	27985335	27985345	-	17.2113	4.22e-07	0.0103	AGGGTGTGGCC
WGGGTGTGGYY	MEME-1	chr15	58828692	58828702	-	17.2113	4.22e-07	0.0103	AGGGTGTGGCC
WGGGTGTGGYY	MEME-1	chr15	76084167	76084177	-	17.2113	4.22e-07	0.0103	AGGGTGTGGCC
WGGGTGTGGYY	MEME-1	chr6	86027996	86028006	+	17.2113	4.22e-07	0.0103	AGGGTGTGGCC
WGGGTGTGGYY	MEME-1	chr12	112797088	112797098	+	17.2113	4.22e-07	0.0103	AGGGTGTGGCC
WGGGTGTGGYY	MEME-1	chr4	128725147	128725157	-	17.2113	4.22e-07	0.0103	AGGGTGTGGCC
WGGGTGTGGYY	MEME-1	chr4	128725199	128725209	-	17.2113	4.22e-07	0.0103	AGGGTGTGGCC
WGGGTGTGGYY	MEME-1	chr1	133344119	133344129	+	17.2113	4.22e-07	0.0103	AGGGTGTGGCC
WGGGTGTGGYY	MEME-1	chr1	136638692	136638702	-	17.2113	4.22e-07	0.0103	AGGGTGTGGCC
WGGGTGTGGYY	MEME-1	chr7	149571971	149571981	+	17.2113	4.22e-07	0.0103	AGGGTGTGGCC
WGGGTGTGGYY	MEME-1	chr9	21940256	21940266	-	17.0845	6.43e-07	0.0103	TGGGTGTGGCT
WGGGTGTGGYY	MEME-1	chr17	28960474	28960484	+	17.0845	6.43e-07	0.0103	TGGGTGTGGCT
WGGGTGTGGYY	MEME-1	chr5	35504017	35504027	-	17.0845	6.43e-07	0.0103	TGGGTGTGGCT
WGGGTGTGGYY	MEME-1	chr5	45951830	45951840	-	17.0845	6.43e-07	0.0103	TGGGTGTGGCT
WGGGTGTGGYY	MEME-1	chr3	51492683	51492693	+	17.0845	6.43e-07	0.0103	TGGGTGTGGCT
WGGGTGTGGYY	MEME-1	chr18	61379997	61380007	-	17.0845	6.43e-07	0.0103	TGGGTGTGGCT
WGGGTGTGGYY	MEME-1	chr5	65256069	65256079	-	17.0845	6.43e-07	0.0103	TGGGTGTGGCT
WGGGTGTGGYY	MEME-1	chr8	97257848	97257858	-	17.0845	6.43e-07	0.0103	TGGGTGTGGCT
WGGGTGTGGYY	MEME-1	chr4	111175754	111175764	-	17.0845	6.43e-07	0.0103	TGGGTGTGGCT
WGGGTGTGGYY	MEME-1	chr1	137838388	137838398	+	17.0845	6.43e-07	0.0103	TGGGTGTGGCT
WGGGTGTGGYY	MEME-1	chr5	139858338	139858348	-	17.0845	6.43e-07	0.0103	TGGGTGTGGCT
WGGGTGTGGYY	MEME-1	chr6	146179183	146179193	+	17.0845	6.43e-07	0.0103	TGGGTGTGGCT
WGGGTGTGGYY	MEME-1	chr7	151918034	151918044	+	17.0845	6.43e-07	0.0103	TGGGTGTGGCT
WGGGTGTGGYY	MEME-1	chr4	154862605	154862615	+	17.0845	6.43e-07	0.0103	TGGGTGTGGCT
WGGGTGTGGYY	MEME-1	chr2	156710514	156710524	-	17.0845	6.43e-07	0.0103	TGGGTGTGGCT
WGGGTGTGGYY	MEME-1	chr1	186481342	186481352	-	17.0845	6.43e-07	0.0103	TGGGTGTGGCT
WGGGTGTGGYY	MEME-1	chr12	3795668	3795678	-	17.0141	8.64e-07	0.0103	AGGGTGTGGCT
WGGGTGTGGYY	MEME-1	chr13	3866533	3866543	-	17.0141	8.64e-07	0.0103	AGGGTGTGGCT
WGGGTGTGGYY	MEME-1	chr17	5112307	5112317	+	17.0141	8.64e-07	0.0103	AGGGTGTGGCT
WGGGTGTGGYY	MEME-1	chr7	28233950	28233960	-	17.0141	8.64e-07	0.0103	AGGGTGTGGCT
WGGGTGTGGYY	MEME-1	chr6	38866763	38866773	+	17.0141	8.64e-07	0.0103	AGGGTGTGGCT
WGGGTGTGGYY	MEME-1	chr15	76084149	76084159	-	17.0141	8.64e-07	0.0103	AGGGTGTGGCT
WGGGTGTGGYY	MEME-1	chr14	79703095	79703105	-	17.0141	8.64e-07	0.0103	AGGGTGTGGCT
WGGGTGTGGYY	MEME-1	chr16	91353173	91353183	-	17.0141	8.64e-07	0.0103	AGGGTGTGGCT
WGGGTGTGGYY	MEME-1	chr7	110976525	110976535	+	17.0141	8.64e-07	0.0103	AGGGTGTGGCT
WGGGTGTGGYY	MEME-1	chr13	112833963	112833973	+	17.0141	8.64e-07	0.0103	AGGGTGTGGCT
WGGGTGTGGYY	MEME-1	chr6	121187801	121187811	-	17.0141	8.64e-07	0.0103	AGGGTGTGGCT
WGGGTGTGGYY	MEME-1	chr4	128533156	128533166	-	17.0141	8.64e-07	0.0103	AGGGTGTGGCT
WGGGTGTGGYY	MEME-1	chr5	139672812	139672822	+	17.0141	8.64e-07	0.0103	AGGGTGTGGCT
WGGGTGTGGYY	MEME-1	chr5	143814623	143814633	-	17.0141	8.64e-07	0.0103	AGGGTGTGGCT
WGGGTGTGGYY	MEME-1	chr17	12230203	12230213	+	16.3239	1.09e-06	0.0109	TGGGTGTGGTC
WGGGTGTGGYY	MEME-1	chr13	25281868	25281878	-	16.3239	1.09e-06	0.0109	TGGGTGTGGTC
WGGGTGTGGYY	MEME-1	chr4	43977340	43977350	+	16.3239	1.09e-06	0.0109	TGGGTGTGGTC
WGGGTGTGGYY	MEME-1	chr11	57590811	57590821	-	16.3239	1.09e-06	0.0109	TGGGTGTGGTC
WGGGTGTGGYY	MEME-1	chr15	81700599	81700609	-	16.3239	1.09e-06	0.0109	TGGGTGTGGTC
WGGGTGTGGYY	MEME-1	chr13	112863917	112863927	-	16.3239	1.09e-06	0.0109	TGGGTGTGGTC
WGGGTGTGGYY	MEME-1	chr9	113850654	113850664	+	16.3239	1.09e-06	0.0109	TGGGTGTGGTC
WGGGTGTGGYY	MEME-1	chr7	138568606	138568616	+	16.3239	1.09e-06	0.0109	TGGGTGTGGTC
WGGGTGTGGYY	MEME-1	chr2	150491877	150491887	-	16.3239	1.09e-06	0.0109	TGGGTGTGGTC
WGGGTGTGGYY	MEME-1	chr1	156887420	156887430	-	16.3239	1.09e-06	0.0109	TGGGTGTGGTC
WGGGTGTGGYY	MEME-1	chr19	5841841	5841851	-	16.2535	1.31e-06	0.011	AGGGTGTGGTC
WGGGTGTGGYY	MEME-1	chr19	10736661	10736671	+	16.2535	1.31e-06	0.011	AGGGTGTGGTC
WGGGTGTGGYY	MEME-1	chr17	25039858	25039868	+	16.2535	1.31e-06	0.011	AGGGTGTGGTC
WGGGTGTGGYY	MEME-1	chr17	26079811	26079821	-	16.2535	1.31e-06	0.011	AGGGTGTGGTC
WGGGTGTGGYY	MEME-1	chr19	55941813	55941823	-	16.2535	1.31e-06	0.011	AGGGTGTGGTC
WGGGTGTGGYY	MEME-1	chr14	63796874	63796884	-	16.2535	1.31e-06	0.011	AGGGTGTGGTC
WGGGTGTGGYY	MEME-1	chr6	72324975	72324985	+	16.2535	1.31e-06	0.011	AGGGTGTGGTC
WGGGTGTGGYY	MEME-1	chr2	77015791	77015801	+	16.2535	1.31e-06	0.011	AGGGTGTGGTC
WGGGTGTGGYY	MEME-1	chr11	95666999	95667009	+	16.2535	1.31e-06	0.011	AGGGTGTGGTC
WGGGTGTGGYY	MEME-1	chr2	103324496	103324506	+	16.2535	1.31e-06	0.011	AGGGTGTGGTC
WGGGTGTGGYY	MEME-1	chr11	107308923	107308933	-	16.2535	1.31e-06	0.011	AGGGTGTGGTC
WGGGTGTGGYY	MEME-1	chr10	111262054	111262064	+	16.2535	1.31e-06	0.011	AGGGTGTGGTC
WGGGTGTGGYY	MEME-1	chr5	138127436	138127446	+	16.2535	1.31e-06	0.011	AGGGTGTGGTC
WGGGTGTGGYY	MEME-1	chr13	3862320	3862330	+	16.1268	1.54e-06	0.0118	TGGGTGTGGTT
WGGGTGTGGYY	MEME-1	chr11	62364020	62364030	-	16.1268	1.54e-06	0.0118	TGGGTGTGGTT
WGGGTGTGGYY	MEME-1	chr11	69186905	69186915	+	16.1268	1.54e-06	0.0118	TGGGTGTGGTT
WGGGTGTGGYY	MEME-1	chr10	76673952	76673962	-	16.1268	1.54e-06	0.0118	TGGGTGTGGTT
WGGGTGTGGYY	MEME-1	chr15	85935876	85935886	+	16.1268	1.54e-06	0.0118	TGGGTGTGGTT
WGGGTGTGGYY	MEME-1	chr9	107206938	107206948	+	16.1268	1.54e-06	0.0118	TGGGTGTGGTT
WGGGTGTGGYY	MEME-1	chr4	118241509	118241519	+	16.1268	1.54e-06	0.0118	TGGGTGTGGTT
WGGGTGTGGYY	MEME-1	chr7	25994214	25994224	-	16.0563	1.77e-06	0.0131	AGGGTGTGGTT
WGGGTGTGGYY	MEME-1	chr10	60612406	60612416	+	16.0563	1.77e-06	0.0131	AGGGTGTGGTT
WGGGTGTGGYY	MEME-1	chr11	96817606	96817616	+	16.0563	1.77e-06	0.0131	AGGGTGTGGTT
WGGGTGTGGYY	MEME-1	chr9	7790692	7790702	+	16.0282	2.19e-06	0.0139	TGGGTGTGGCA
WGGGTGTGGYY	MEME-1	chr6	8295662	8295672	+	16.0282	2.19e-06	0.0139	TGGGTGTGGCA
WGGGTGTGGYY	MEME-1	chr8	24255131	24255141	+	16.0282	2.19e-06	0.0139	TGGGTGTGGCA
WGGGTGTGGYY	MEME-1	chr2	25742975	25742985	+	16.0282	2.19e-06	0.0139	TGGGTGTGGCA
WGGGTGTGGYY	MEME-1	chr10	41632326	41632336	-	16.0282	2.19e-06	0.0139	TGGGCGTGGCC
WGGGTGTGGYY	MEME-1	chr14	41760838	41760848	-	16.0282	2.19e-06	0.0139	TGGGTGTGGCA
WGGGTGTGGYY	MEME-1	chr9	42938568	42938578	-	16.0282	2.19e-06	0.0139	TGGGTGTGGCA
WGGGTGTGGYY	MEME-1	chr5	64826924	64826934	-	16.0282	2.19e-06	0.0139	TGGGTGTGGCA
WGGGTGTGGYY	MEME-1	chr8	71137371	71137381	+	16.0282	2.19e-06	0.0139	TGGGTGTGGCA
WGGGTGTGGYY	MEME-1	chr5	89056756	89056766	-	16.0282	2.19e-06	0.0139	TGGGTGTGGCA
WGGGTGTGGYY	MEME-1	chr11	90524555	90524565	+	16.0282	2.19e-06	0.0139	TGGGTGTGGCA
WGGGTGTGGYY	MEME-1	chr5	109105905	109105915	+	16.0282	2.19e-06	0.0139	TGGGTGTGGCA
WGGGTGTGGYY	MEME-1	chr10	110604602	110604612	+	16.0282	2.19e-06	0.0139	TGGGTGTGGCA
WGGGTGTGGYY	MEME-1	chr5	139673065	139673075	-	16.0282	2.19e-06	0.0139	TGGGTGTGGCA
WGGGTGTGGYY	MEME-1	chr1	173211164	173211174	-	16.0282	2.19e-06	0.0139	TGGGCGTGGCC
WGGGTGTGGYY	MEME-1	chr1	33631576	33631586	-	15.9577	2.61e-06	0.0155	AGGGCGTGGCC
WGGGTGTGGYY	MEME-1	chr5	65256123	65256133	-	15.9577	2.61e-06	0.0155	AGGGTGTGGCA
WGGGTGTGGYY	MEME-1	chr14	79987369	79987379	-	15.9577	2.61e-06	0.0155	AGGGCGTGGCC
WGGGTGTGGYY	MEME-1	chr11	90548100	90548110	-	15.9577	2.61e-06	0.0155	AGGGTGTGGCA
WGGGTGTGGYY	MEME-1	chr8	108344971	108344981	-	15.9577	2.61e-06	0.0155	AGGGTGTGGCA
WGGGTGTGGYY	MEME-1	chr13	110473379	110473389	+	15.9577	2.61e-06	0.0155	AGGGTGTGGCA
WGGGTGTGGYY	MEME-1	chr1	169314424	169314434	-	15.9577	2.61e-06	0.0155	AGGGTGTGGCA
WGGGTGTGGYY	MEME-1	chr16	8687099	8687109	+	15.9155	2.83e-06	0.0164	TGGGTGTGGCG
WGGGTGTGGYY	MEME-1	chr18	60666810	60666820	+	15.9155	2.83e-06	0.0164	TGGGTGTGGCG
WGGGTGTGGYY	MEME-1	chr5	33616465	33616475	-	15.8451	3.04e-06	0.0175	AGGGTGTGGCG
WGGGTGTGGYY	MEME-1	chr9	21069584	21069594	+	15.831	3.25e-06	0.0182	TGGGCGTGGCT
WGGGTGTGGYY	MEME-1	chr12	85791956	85791966	-	15.831	3.25e-06	0.0182	TGGGCGTGGCT
WGGGTGTGGYY	MEME-1	chr2	157978581	157978591	-	15.831	3.25e-06	0.0182	TGGGCGTGGCT
WGGGTGTGGYY	MEME-1	chr7	20250480	20250490	-	15.7606	3.66e-06	0.0186	AGGGCGTGGCT
WGGGTGTGGYY	MEME-1	chr8	74937974	74937984	-	15.7606	3.66e-06	0.0186	AGGGCGTGGCT
WGGGTGTGGYY	MEME-1	chr11	104890456	104890466	+	15.7606	3.66e-06	0.0186	TGGGTGGGGCC
WGGGTGTGGYY	MEME-1	chr10	107550551	107550561	+	15.7606	3.66e-06	0.0186	AGGGCGTGGCT
WGGGTGTGGYY	MEME-1	chr13	112447155	112447165	-	15.7606	3.66e-06	0.0186	AGGGCGTGGCT
WGGGTGTGGYY	MEME-1	chr2	121964041	121964051	+	15.7606	3.66e-06	0.0186	TGGGTGGGGCC
WGGGTGTGGYY	MEME-1	chr19	5922413	5922423	+	15.6901	3.86e-06	0.0186	AGGGTGGGGCC
WGGGTGTGGYY	MEME-1	chr17	24340137	24340147	-	15.6901	3.86e-06	0.0186	AGGGTGGGGCC
WGGGTGTGGYY	MEME-1	chr12	27136223	27136233	-	15.6901	3.86e-06	0.0186	AGGGTGGGGCC
WGGGTGTGGYY	MEME-1	chr18	85054535	85054545	+	15.6901	3.86e-06	0.0186	AGGGTGGGGCC
WGGGTGTGGYY	MEME-1	chr8	87362617	87362627	-	15.6901	3.86e-06	0.0186	AGGGTGGGGCC
WGGGTGTGGYY	MEME-1	chr9	108243308	108243318	-	15.6901	3.86e-06	0.0186	AGGGTGGGGCC
WGGGTGTGGYY	MEME-1	chr1	135694132	135694142	+	15.6901	3.86e-06	0.0186	AGGGTGGGGCC
WGGGTGTGGYY	MEME-1	chr4	135734037	135734047	-	15.6901	3.86e-06	0.0186	AGGGTGGGGCC
WGGGTGTGGYY	MEME-1	chr19	4558435	4558445	+	15.5634	4.07e-06	0.0186	TGGGTGGGGCT
WGGGTGTGGYY	MEME-1	chr12	33905749	33905759	-	15.5634	4.07e-06	0.0186	TGGGTGGGGCT
WGGGTGTGGYY	MEME-1	chr9	44096745	44096755	-	15.5634	4.07e-06	0.0186	TGGGTGGGGCT
WGGGTGTGGYY	MEME-1	chr5	64826912	64826922	-	15.5634	4.07e-06	0.0186	TGGGTGGGGCT
WGGGTGTGGYY	MEME-1	chr8	74937923	74937933	-	15.5634	4.07e-06	0.0186	TGGGTGGGGCT
WGGGTGTGGYY	MEME-1	chr12	85792306	85792316	+	15.5634	4.07e-06	0.0186	TGGGTGGGGCT
WGGGTGTGGYY	MEME-1	chr11	86427701	86427711	-	15.5634	4.07e-06	0.0186	TGGGTGGGGCT
WGGGTGTGGYY	MEME-1	chr11	96817522	96817532	+	15.5634	4.07e-06	0.0186	TGGGTGGGGCT
WGGGTGTGGYY	MEME-1	chr8	97324176	97324186	-	15.5634	4.07e-06	0.0186	TGGGTGGGGCT
WGGGTGTGGYY	MEME-1	chr4	106351648	106351658	-	15.5634	4.07e-06	0.0186	TGGGTGGGGCT
WGGGTGTGGYY	MEME-1	chr5	123643623	123643633	+	15.5634	4.07e-06	0.0186	TGGGTGGGGCT
WGGGTGTGGYY	MEME-1	chr1	134980065	134980075	-	15.5634	4.07e-06	0.0186	TGGGTGGGGCT
WGGGTGTGGYY	MEME-1	chr7	25940674	25940684	-	15.493	4.28e-06	0.0189	AGGGTGGGGCT
WGGGTGTGGYY	MEME-1	chr12	80012832	80012842	-	15.493	4.28e-06	0.0189	AGGGTGGGGCT
WGGGTGTGGYY	MEME-1	chr15	82060392	82060402	-	15.493	4.28e-06	0.0189	AGGGTGGGGCT
WGGGTGTGGYY	MEME-1	chr11	101309702	101309712	+	15.493	4.28e-06	0.0189	AGGGTGGGGCT
WGGGTGTGGYY	MEME-1	chr9	122282279	122282289	+	15.493	4.28e-06	0.0189	AGGGTGGGGCT
WGGGTGTGGYY	MEME-1	chr19	5846249	5846259	+	15.0704	4.72e-06	0.0203	TGGGTGTGGTA
WGGGTGTGGYY	MEME-1	chr17	45884961	45884971	-	15.0704	4.72e-06	0.0203	TGGGTGTGGTA
WGGGTGTGGYY	MEME-1	chr12	78031383	78031393	-	15.0704	4.72e-06	0.0203	TGGGCGTGGTC
WGGGTGTGGYY	MEME-1	chr4	153535367	153535377	+	15.0704	4.72e-06	0.0203	TGGGCGTGGTC
WGGGTGTGGYY	MEME-1	chr10	57252392	57252402	+	15	5.17e-06	0.0209	AGGGCGTGGTC
WGGGTGTGGYY	MEME-1	chr6	142839023	142839033	+	15	5.17e-06	0.0209	AGGGCGTGGTC
WGGGTGTGGYY	MEME-1	chr2	28463182	28463192	-	14.9577	5.39e-06	0.0209	TGGGTGTGGTG
WGGGTGTGGYY	MEME-1	chr5	30290220	30290230	-	14.9577	5.39e-06	0.0209	TGGGTGTGGTG
WGGGTGTGGYY	MEME-1	chr6	34857511	34857521	-	14.9577	5.39e-06	0.0209	TGGGTGTGGTG
WGGGTGTGGYY	MEME-1	chr6	72223373	72223383	-	14.9577	5.39e-06	0.0209	TGGGTGTGGTG
WGGGTGTGGYY	MEME-1	chr12	77577373	77577383	-	14.9577	5.39e-06	0.0209	TGGGTGTGGTG
WGGGTGTGGYY	MEME-1	chr3	95469087	95469097	+	14.9577	5.39e-06	0.0209	TGGGTGTGGTG
WGGGTGTGGYY	MEME-1	chr2	103962283	103962293	+	14.9577	5.39e-06	0.0209	TGGGTGTGGTG
WGGGTGTGGYY	MEME-1	chr11	115368118	115368128	-	14.9577	5.39e-06	0.0209	TGGGTGTGGTG
WGGGTGTGGYY	MEME-1	chr9	120025570	120025580	+	14.9577	5.39e-06	0.0209	TGGGTGTGGTG
WGGGTGTGGYY	MEME-1	chr4	122964190	122964200	+	14.9577	5.39e-06	0.0209	TGGGTGTGGTG
WGGGTGTGGYY	MEME-1	chr1	196502191	196502201	-	14.9577	5.39e-06	0.0209	TGGGTGTGGTG
WGGGTGTGGYY	MEME-1	chr9	20561754	20561764	-	14.8873	5.61e-06	0.0209	AGGGTGTGGTG
WGGGTGTGGYY	MEME-1	chr9	21069668	21069678	+	14.8873	5.61e-06	0.0209	AGGGTGTGGTG
WGGGTGTGGYY	MEME-1	chr18	23868740	23868750	+	14.8873	5.61e-06	0.0209	AGGGTGTGGTG
WGGGTGTGGYY	MEME-1	chr16	49777286	49777296	-	14.8873	5.61e-06	0.0209	AGGGTGTGGTG
WGGGTGTGGYY	MEME-1	chr5	65256087	65256097	-	14.8873	5.61e-06	0.0209	AGGGTGTGGTG
WGGGTGTGGYY	MEME-1	chr15	83139305	83139315	-	14.8873	5.61e-06	0.0209	AGGGTGTGGTG
WGGGTGTGGYY	MEME-1	chr1	88209129	88209139	-	14.8873	5.61e-06	0.0209	AGGGTGTGGTG
WGGGTGTGGYY	MEME-1	chr15	91082659	91082669	-	14.8873	5.61e-06	0.0209	AGGGTGTGGTG
WGGGTGTGGYY	MEME-1	chr8	97964230	97964240	-	14.8873	5.61e-06	0.0209	AGGGTGTGGTG
WGGGTGTGGYY	MEME-1	chr3	145253751	145253761	-	14.8873	5.61e-06	0.0209	AGGGTGTGGTG
WGGGTGTGGYY	MEME-1	chr2	24832582	24832592	+	14.8028	6.26e-06	0.0227	AGGGCGTGGTT
WGGGTGTGGYY	MEME-1	chr7	111007748	111007758	+	14.8028	6.26e-06	0.0227	TGGGTGGGGTC
WGGGTGTGGYY	MEME-1	chr7	128851083	128851093	+	14.8028	6.26e-06	0.0227	AGGGCGTGGTT
WGGGTGTGGYY	MEME-1	chrX	68727658	68727668	-	14.8028	6.26e-06	0.0227	AGGGCGTGGTT
WGGGTGTGGYY	MEME-1	chr6	72223364	72223374	-	14.8028	6.26e-06	0.0227	TGGGTGGGGTC
WGGGTGTGGYY	MEME-1	chr11	60989091	60989101	+	14.7746	6.47e-06	0.0232	TGGGCGTGGCA
WGGGTGTGGYY	MEME-1	chr7	103854077	103854087	+	14.7746	6.47e-06	0.0232	TGGGCGTGGCA
WGGGTGTGGYY	MEME-1	chr4	46419953	46419963	+	14.7324	6.68e-06	0.0233	AGGGTGGGGTC
WGGGTGTGGYY	MEME-1	chr4	155336076	155336086	+	14.7324	6.68e-06	0.0233	AGGGTGGGGTC
WGGGTGTGGYY	MEME-1	chr11	58166880	58166890	-	14.7324	6.68e-06	0.0233	AGGGTGGGGTC
WGGGTGTGGYY	MEME-1	chr3	97461976	97461986	-	14.7324	6.68e-06	0.0233	AGGGTGGGGTC
WGGGTGTGGYY	MEME-1	chr4	111174233	111174243	-	14.7324	6.68e-06	0.0233	AGGGTGGGGTC
WGGGTGTGGYY	MEME-1	chr17	87913273	87913283	-	14.7042	6.89e-06	0.0239	AGGGCGTGGCA
WGGGTGTGGYY	MEME-1	chr9	66197826	66197836	+	14.6338	7.3e-06	0.0247	GGGGTGTGGCC
WGGGTGTGGYY	MEME-1	chr6	81915967	81915977	+	14.6338	7.3e-06	0.0247	GGGGTGTGGCC
WGGGTGTGGYY	MEME-1	chr11	117187615	117187625	+	14.6338	7.3e-06	0.0247	GGGGTGTGGCC
WGGGTGTGGYY	MEME-1	chr3	104844024	104844034	-	14.6338	7.3e-06	0.0247	GGGGTGTGGCC
WGGGTGTGGYY	MEME-1	chr2	167454541	167454551	-	14.6338	7.3e-06	0.0247	GGGGTGTGGCC
WGGGTGTGGYY	MEME-1	chr19	6300560	6300570	+	14.6056	7.52e-06	0.025	TGGGTGGGGTT
WGGGTGTGGYY	MEME-1	chr7	71081516	71081526	-	14.6056	7.52e-06	0.025	TGGGTGGGGTT
WGGGTGTGGYY	MEME-1	chr12	102194502	102194512	-	14.6056	7.52e-06	0.025	TGGGTGGGGTT
WGGGTGTGGYY	MEME-1	chr14	21299170	21299180	+	14.5915	7.72e-06	0.0256	AGGGCGTGGCG
WGGGTGTGGYY	MEME-1	chr15	98886946	98886956	-	14.5352	7.94e-06	0.0262	AGGGTGGGGTT
WGGGTGTGGYY	MEME-1	chr2	28463171	28463181	+	14.507	8.34e-06	0.0263	TGGGCGGGGCC
WGGGTGTGGYY	MEME-1	chr10	40726678	40726688	+	14.507	8.34e-06	0.0263	TGGGTGGGGCA
WGGGTGTGGYY	MEME-1	chr12	70394978	70394988	-	14.507	8.34e-06	0.0263	TGGGTGGGGCA
WGGGTGTGGYY	MEME-1	chr3	97462115	97462125	+	14.507	8.34e-06	0.0263	TGGGCGGGGCC
WGGGTGTGGYY	MEME-1	chr2	103797983	103797993	-	14.507	8.34e-06	0.0263	TGGGTGGGGCA
WGGGTGTGGYY	MEME-1	chr13	113538172	113538182	-	14.507	8.34e-06	0.0263	TGGGTGGGGCA
WGGGTGTGGYY	MEME-1	chr19	5964206	5964216	-	14.4366	8.95e-06	0.0263	AGGGCGGGGCC
WGGGTGTGGYY	MEME-1	chr16	8830169	8830179	+	14.4366	8.95e-06	0.0263	AGGGCGGGGCC
WGGGTGTGGYY	MEME-1	chr16	32509973	32509983	+	14.4366	8.95e-06	0.0263	AGGGTGGGGCA
WGGGTGTGGYY	MEME-1	chr5	34916252	34916262	-	14.4366	8.95e-06	0.0263	AGGGCGGGGCC
WGGGTGTGGYY	MEME-1	chr13	35887925	35887935	-	14.4366	8.95e-06	0.0263	AGGGTGGGGCA
WGGGTGTGGYY	MEME-1	chr10	40924896	40924906	-	14.4366	8.95e-06	0.0263	GGGGTGTGGCT
WGGGTGTGGYY	MEME-1	chr17	45710262	45710272	-	14.4366	8.95e-06	0.0263	AGGGCGGGGCC
WGGGTGTGGYY	MEME-1	chr9	57618928	57618938	-	14.4366	8.95e-06	0.0263	GGGGTGTGGCT
WGGGTGTGGYY	MEME-1	chr3	84162816	84162826	+	14.4366	8.95e-06	0.0263	GGGGTGTGGCT
WGGGTGTGGYY	MEME-1	chr9	90157113	90157123	+	14.4366	8.95e-06	0.0263	AGGGTGGGGCA
WGGGTGTGGYY	MEME-1	chr2	93306685	93306695	+	14.4366	8.95e-06	0.0263	AGGGCGGGGCC
WGGGTGTGGYY	MEME-1	chr8	107824086	107824096	+	14.4366	8.95e-06	0.0263	AGGGTGGGGCA
WGGGTGTGGYY	MEME-1	chr8	109927496	109927506	+	14.4366	8.95e-06	0.0263	AGGGTGGGGCA
WGGGTGTGGYY	MEME-1	chr12	114386750	114386760	+	14.4366	8.95e-06	0.0263	GGGGTGTGGCT
WGGGTGTGGYY	MEME-1	chr5	129513356	129513366	+	14.4366	8.95e-06	0.0263	AGGGTGGGGCA
WGGGTGTGGYY	MEME-1	chr1	135693978	135693988	-	14.4366	8.95e-06	0.0263	AGGGTGGGGCA
WGGGTGTGGYY	MEME-1	chr4	151104224	151104234	+	14.4366	8.95e-06	0.0263	GGGGTGTGGCT
WGGGTGTGGYY	MEME-1	chr1	169323155	169323165	-	14.4366	8.95e-06	0.0263	AGGGTGGGGCA
WGGGTGTGGYY	MEME-1	chr15	98860394	98860404	+	14.3944	9.16e-06	0.0266	TGGGTGGGGCG
WGGGTGTGGYY	MEME-1	chr1	155596817	155596827	+	14.3944	9.16e-06	0.0266	TGGGTGGGGCG
WGGGTGTGGYY	MEME-1	chr17	12397934	12397944	+	14.3239	9.36e-06	0.027	AGGGTGGGGCG
WGGGTGTGGYY	MEME-1	chr15	85935986	85935996	+	14.3239	9.36e-06	0.027	AGGGTGGGGCG
WGGGTGTGGYY	MEME-1	chr11	4123537	4123547	-	14.3099	9.56e-06	0.0271	TGGGCGGGGCT
WGGGTGTGGYY	MEME-1	chr11	115374704	115374714	-	14.3099	9.56e-06	0.0271	TGGGCGGGGCT
WGGGTGTGGYY	MEME-1	chr12	70465260	70465270	+	14.2394	9.76e-06	0.0271	AGGGCGGGGCT
WGGGTGTGGYY	MEME-1	chr15	95715857	95715867	+	14.2394	9.76e-06	0.0271	AGGGCGGGGCT
WGGGTGTGGYY	MEME-1	chr12	113882679	113882689	-	14.2394	9.76e-06	0.0271	AGGGCGGGGCT
WGGGTGTGGYY	MEME-1	chr7	139915678	139915688	+	14.2394	9.76e-06	0.0271	AGGGCGGGGCT
WGGGTGTGGYY	MEME-1	chr7	20322235	20322245	+	14.1831	9.98e-06	0.0271	TGGGTGTGTCC
WGGGTGTGGYY	MEME-1	chr17	29067391	29067401	-	14.1831	9.98e-06	0.0271	TGGGTGTGTCC
WGGGTGTGGYY	MEME-1	chr15	34829963	34829973	-	14.1831	9.98e-06	0.0271	TGGGTGTGTCC
WGGGTGTGGYY	MEME-1	chr14	55043633	55043643	-	14.1831	9.98e-06	0.0271	TGGGTGTGTCC
WGGGTGTGGYY	MEME-1	chr10	59256387	59256397	-	14.1831	9.98e-06	0.0271	TGGGTGTGTCC
WGGGTGTGGYY	MEME-1	chr14	61273064	61273074	+	14.1831	9.98e-06	0.0271	TGGGTGTGTCC
WGGGTGTGGYY	MEME-1	chr16	76323966	76323976	-	14.1831	9.98e-06	0.0271	TGGGTGTGTCC
WGGGTGTGGYY	MEME-1	chr3	138480393	138480403	+	14.1831	9.98e-06	0.0271	TGGGTGTGTCC
WGGGTGTGGYY	MEME-1	chr7	25638099	25638109	-	14.1127	1.02e-05	0.0271	AGGGTGTGTCC
WGGGTGTGGYY	MEME-1	chr13	35769391	35769401	-	14.1127	1.02e-05	0.0271	AGGGTGTGTCC
WGGGTGTGGYY	MEME-1	chr9	75406820	75406830	+	14.1127	1.02e-05	0.0271	AGGGTGTGTCC
WGGGTGTGGYY	MEME-1	chr1	82634149	82634159	-	14.1127	1.02e-05	0.0271	AGGGTGTGTCC
WGGGTGTGGYY	MEME-1	chr1	135847132	135847142	+	14.1127	1.02e-05	0.0271	AGGGTGTGTCC
WGGGTGTGGYY	MEME-1	chr3	60623725	60623735	+	14.0423	1.04e-05	0.0273	TGGGTGTGCCC
WGGGTGTGGYY	MEME-1	chr11	105014020	105014030	+	14.0423	1.04e-05	0.0273	TGGGTGTGCCC
WGGGTGTGGYY	MEME-1	chr1	196502020	196502030	+	14.0423	1.04e-05	0.0273	TGGGTGTGCCC
WGGGTGTGGYY	MEME-1	chr9	70682664	70682674	-	13.9859	1.06e-05	0.0274	TGGGTGTGTCT
WGGGTGTGGYY	MEME-1	chr18	80417123	80417133	-	13.9859	1.06e-05	0.0274	TGGGTGTGTCT
WGGGTGTGGYY	MEME-1	chr12	112506107	112506117	-	13.9859	1.06e-05	0.0274	TGGGTGTGTCT
WGGGTGTGGYY	MEME-1	chr10	126642533	126642543	-	13.9859	1.06e-05	0.0274	TGGGTGTGTCT
WGGGTGTGGYY	MEME-1	chr6	142839067	142839077	+	13.9859	1.06e-05	0.0274	TGGGTGTGTCT
WGGGTGTGGYY	MEME-1	chr2	31940985	31940995	+	13.9718	1.09e-05	0.0275	AGGGTGTGCCC
WGGGTGTGGYY	MEME-1	chr13	54346397	54346407	+	13.9718	1.09e-05	0.0275	AGGGTGTGCCC
WGGGTGTGGYY	MEME-1	chr6	57653529	57653539	-	13.9718	1.09e-05	0.0275	AGGGTGTGCCC
WGGGTGTGGYY	MEME-1	chr12	114390920	114390930	+	13.9718	1.09e-05	0.0275	AGGGTGTGCCC
WGGGTGTGGYY	MEME-1	chr7	35754246	35754256	+	13.9155	1.11e-05	0.028	AGGGTGTGTCT
WGGGTGTGGYY	MEME-1	chr13	3862403	3862413	-	13.8451	1.15e-05	0.0281	TGGGTGTGCCT
WGGGTGTGGYY	MEME-1	chr6	34107302	34107312	-	13.8451	1.15e-05	0.0281	TGGGTGTGCCT
WGGGTGTGGYY	MEME-1	chr4	44017221	44017231	+	13.8451	1.15e-05	0.0281	TGGGTGTGCCT
WGGGTGTGGYY	MEME-1	chr19	44460559	44460569	+	13.8451	1.15e-05	0.0281	TGGGTGTGCCT
WGGGTGTGGYY	MEME-1	chr2	72859221	72859231	+	13.8451	1.15e-05	0.0281	TGGGTGTGCCT
WGGGTGTGGYY	MEME-1	chr13	114649375	114649385	+	13.8451	1.15e-05	0.0281	TGGGTGTGCCT
WGGGTGTGGYY	MEME-1	chr5	115468470	115468480	-	13.8451	1.15e-05	0.0281	TGGGTGTGCCT
WGGGTGTGGYY	MEME-1	chr5	143682184	143682194	-	13.8451	1.15e-05	0.0281	TGGGTGTGACC
WGGGTGTGGYY	MEME-1	chr1	183078960	183078970	-	13.8451	1.15e-05	0.0281	TGGGTGTGCCT
WGGGTGTGGYY	MEME-1	chr12	110018524	110018534	-	13.831	1.17e-05	0.0285	TGGGTGTAGCC
WGGGTGTGGYY	MEME-1	chr18	13094708	13094718	-	13.8169	1.2e-05	0.0288	TGGGCGTGGTA
WGGGTGTGGYY	MEME-1	chr7	38970425	38970435	+	13.8169	1.2e-05	0.0288	TGGGCGTGGTA
WGGGTGTGGYY	MEME-1	chr14	55043607	55043617	-	13.7746	1.24e-05	0.0291	AGGGTGTGCCT
WGGGTGTGGYY	MEME-1	chr14	56155121	56155131	-	13.7746	1.24e-05	0.0291	AGGGTGTGACC
WGGGTGTGGYY	MEME-1	chr3	68858798	68858808	-	13.7746	1.24e-05	0.0291	AGGGTGTGACC
WGGGTGTGGYY	MEME-1	chr1	77295338	77295348	-	13.7746	1.24e-05	0.0291	AGGGTGTGACC
WGGGTGTGGYY	MEME-1	chr8	97257918	97257928	-	13.7746	1.24e-05	0.0291	AGGGTGTGACC
WGGGTGTGGYY	MEME-1	chr11	102236594	102236604	-	13.7746	1.24e-05	0.0291	AGGGTGTGACC
WGGGTGTGGYY	MEME-1	chr4	135730867	135730877	+	13.7746	1.24e-05	0.0291	AGGGTGTGACC
WGGGTGTGGYY	MEME-1	chr3	108248230	108248240	+	13.7465	1.29e-05	0.0301	AGGGCGTGGTA
WGGGTGTGGYY	MEME-1	chr11	68709942	68709952	-	13.7183	1.31e-05	0.0303	TGGGTGTGGAC
WGGGTGTGGYY	MEME-1	chr3	96108866	96108876	+	13.7183	1.31e-05	0.0303	TGGGTGTGGAC
WGGGTGTGGYY	MEME-1	chr18	23982759	23982769	-	13.7042	1.33e-05	0.0303	TGGGCGTGGTG
WGGGTGTGGYY	MEME-1	chr19	45865283	45865293	-	13.7042	1.33e-05	0.0303	TGGGCGTGGTG
WGGGTGTGGYY	MEME-1	chr9	70682768	70682778	-	13.7042	1.33e-05	0.0303	TGGGCGTGGTG
WGGGTGTGGYY	MEME-1	chr8	73222589	73222599	+	13.7042	1.33e-05	0.0303	TGGGCGTGGTG
WGGGTGTGGYY	MEME-1	chr11	117642326	117642336	+	13.7042	1.33e-05	0.0303	TGGGCGTGGTG
WGGGTGTGGYY	MEME-1	chr9	31060147	31060157	+	13.6761	1.35e-05	0.0306	GGGGTGTGGTC
WGGGTGTGGYY	MEME-1	chr1	157198864	157198874	+	13.6761	1.35e-05	0.0306	GGGGTGTGGTC
WGGGTGTGGYY	MEME-1	chr15	78243625	78243635	+	13.6479	1.4e-05	0.031	TGGGTGTGACT
WGGGTGTGGYY	MEME-1	chr11	104843263	104843273	+	13.6479	1.4e-05	0.031	AGGGTGTGGAC
WGGGTGTGGYY	MEME-1	chr4	109112566	109112576	-	13.6479	1.4e-05	0.031	TGGGTGTGACT
WGGGTGTGGYY	MEME-1	chr12	112797027	112797037	+	13.6479	1.4e-05	0.031	TGGGTGTGACT
WGGGTGTGGYY	MEME-1	chr11	117187782	117187792	+	13.6479	1.4e-05	0.031	TGGGTGTGACT
WGGGTGTGGYY	MEME-1	chr7	148354815	148354825	+	13.6479	1.4e-05	0.031	TGGGTGTGACT
WGGGTGTGGYY	MEME-1	chr11	30901684	30901694	+	13.6338	1.44e-05	0.0315	AGGGCGTGGTG
WGGGTGTGGYY	MEME-1	chr13	74873417	74873427	+	13.6338	1.44e-05	0.0315	AGGGCGTGGTG
WGGGTGTGGYY	MEME-1	chr13	81067753	81067763	+	13.6338	1.44e-05	0.0315	AGGGCGTGGTG
WGGGTGTGGYY	MEME-1	chr5	89197428	89197438	+	13.6338	1.44e-05	0.0315	AGGGCGTGGTG
WGGGTGTGGYY	MEME-1	chr11	4123578	4123588	+	13.5775	1.46e-05	0.0318	AGGGTGTGACT
WGGGTGTGGYY	MEME-1	chr4	132847351	132847361	+	13.5775	1.46e-05	0.0318	AGGGTGTGACT
WGGGTGTGGYY	MEME-1	chr5	77087505	77087515	+	13.5493	1.53e-05	0.0329	TGGGTGGGGTA
WGGGTGTGGYY	MEME-1	chr12	114390727	114390737	+	13.5493	1.53e-05	0.0329	TGGGCGGGGTC
WGGGTGTGGYY	MEME-1	chr2	5220509	5220519	+	13.5211	1.55e-05	0.0329	TGGGTGTGGAT
WGGGTGTGGYY	MEME-1	chr17	24289471	24289481	-	13.5211	1.55e-05	0.0329	TGGGTGTGGAT
WGGGTGTGGYY	MEME-1	chr5	96888847	96888857	+	13.5211	1.55e-05	0.0329	TGGGTGTGGAT
WGGGTGTGGYY	MEME-1	chr7	149566006	149566016	-	13.5211	1.55e-05	0.0329	TGGGTGTGGAT
WGGGTGTGGYY	MEME-1	chr1	169314404	169314414	-	13.5211	1.55e-05	0.0329	TGGGTGTGGAT
WGGGTGTGGYY	MEME-1	chr5	65203446	65203456	+	13.507	1.57e-05	0.0331	TGGGTGTGGGC
WGGGTGTGGYY	MEME-1	chr3	79383917	79383927	-	13.507	1.57e-05	0.0331	TGGGTGTGGGC
WGGGTGTGGYY	MEME-1	chr4	154303544	154303554	-	13.507	1.57e-05	0.0331	TGGGTGTGGGC
WGGGTGTGGYY	MEME-1	chr19	6236309	6236319	+	13.4789	1.64e-05	0.0338	GGGGTGTGGTT
WGGGTGTGGYY	MEME-1	chr11	61433811	61433821	-	13.4789	1.64e-05	0.0338	AGGGTGGGGTA
WGGGTGTGGYY	MEME-1	chr18	74156784	74156794	-	13.4789	1.64e-05	0.0338	AGGGTGGGGTA
WGGGTGTGGYY	MEME-1	chr11	74652202	74652212	+	13.4789	1.64e-05	0.0338	AGGGCGGGGTC
WGGGTGTGGYY	MEME-1	chr7	99891571	99891581	-	13.4789	1.64e-05	0.0338	GGGGTGTGGTT
WGGGTGTGGYY	MEME-1	chr7	149571857	149571867	-	13.4789	1.64e-05	0.0338	GGGGTGTGGTT
WGGGTGTGGYY	MEME-1	chr16	49777300	49777310	+	13.4507	1.66e-05	0.0341	AGGGTGTGGAT
WGGGTGTGGYY	MEME-1	chr17	26651639	26651649	+	13.4366	1.7e-05	0.0343	TGGGTGGGGTG
WGGGTGTGGYY	MEME-1	chr17	47735255	47735265	+	13.4366	1.7e-05	0.0343	TGGGTGGGGTG
WGGGTGTGGYY	MEME-1	chr8	87495027	87495037	+	13.4366	1.7e-05	0.0343	TGGGTGGGGTG
WGGGTGTGGYY	MEME-1	chr1	92186205	92186215	-	13.4366	1.7e-05	0.0343	AGGGTGTGGGC
WGGGTGTGGYY	MEME-1	chr11	102226635	102226645	-	13.4366	1.7e-05	0.0343	TGGGTGGGGTG
WGGGTGTGGYY	MEME-1	chr7	128112898	128112908	+	13.4366	1.7e-05	0.0343	TGGGTGGGGTG
WGGGTGTGGYY	MEME-1	chr4	135733990	135734000	+	13.3803	1.74e-05	0.035	GGGGTGTGGCA
WGGGTGTGGYY	MEME-1	chr16	8687057	8687067	-	13.3662	1.76e-05	0.0351	AGGGTGGGGTG
WGGGTGTGGYY	MEME-1	chr9	57618904	57618914	-	13.3662	1.76e-05	0.0351	AGGGTGGGGTG
WGGGTGTGGYY	MEME-1	chr4	129141210	129141220	-	13.3662	1.76e-05	0.0351	AGGGTGGGGTG
WGGGTGTGGYY	MEME-1	chr2	25869399	25869409	-	13.3099	1.81e-05	0.0357	TGGGTGTGGGT
WGGGTGTGGYY	MEME-1	chr5	30290090	30290100	-	13.3099	1.81e-05	0.0357	TGGGTGTGGGT
WGGGTGTGGYY	MEME-1	chr15	38999647	38999657	+	13.3099	1.81e-05	0.0357	TGGGTGTGGGT
WGGGTGTGGYY	MEME-1	chr4	44084952	44084962	-	13.2676	1.85e-05	0.0363	GGGGTGTGGCG
WGGGTGTGGYY	MEME-1	chr4	149893137	149893147	+	13.2676	1.85e-05	0.0363	GGGGTGTGGCG
WGGGTGTGGYY	MEME-1	chr16	44265836	44265846	+	13.2535	1.87e-05	0.0364	TGGGCGGGGCA
WGGGTGTGGYY	MEME-1	chr16	44265854	44265864	+	13.2535	1.87e-05	0.0364	TGGGCGGGGCA
WGGGTGTGGYY	MEME-1	chr11	53840145	53840155	-	13.2394	1.89e-05	0.0366	AGGGTGTGGGT
WGGGTGTGGYY	MEME-1	chr16	32449915	32449925	+	13.2254	1.91e-05	0.0366	TGGGTGTGTTC
WGGGTGTGGYY	MEME-1	chr14	69923091	69923101	-	13.2254	1.91e-05	0.0366	TGGGTGTGTTC
WGGGTGTGGYY	MEME-1	chr11	102236730	102236740	+	13.2254	1.91e-05	0.0366	TGGGTGTGTTC
WGGGTGTGGYY	MEME-1	chr7	111009652	111009662	-	13.2254	1.91e-05	0.0366	TGGGTGTGTTC
WGGGTGTGGYY	MEME-1	chr7	148354846	148354856	-	13.2254	1.91e-05	0.0366	TGGGTGTGTTC
WGGGTGTGGYY	MEME-1	chr7	20250776	20250786	-	13.1831	1.95e-05	0.0369	GGGGCGTGGCT
WGGGTGTGGYY	MEME-1	chr9	21069703	21069713	+	13.1831	1.95e-05	0.0369	GGGGCGTGGCT
WGGGTGTGGYY	MEME-1	chr8	73222377	73222387	+	13.1831	1.95e-05	0.0369	GGGGCGTGGCT
WGGGTGTGGYY	MEME-1	chr12	85792405	85792415	+	13.1831	1.95e-05	0.0369	GGGGCGTGGCT
WGGGTGTGGYY	MEME-1	chr11	115374157	115374167	-	13.1831	1.95e-05	0.0369	AGGGCGGGGCA
WGGGTGTGGYY	MEME-1	chr17	33229370	33229380	+	13.1408	2e-05	0.0376	TGGGCGGGGCG
WGGGTGTGGYY	MEME-1	chr19	56466364	56466374	+	13.1127	2.01e-05	0.0377	GGGGTGGGGCC
WGGGTGTGGYY	MEME-1	chr8	122895805	122895815	+	13.1127	2.01e-05	0.0377	GGGGTGGGGCC
WGGGTGTGGYY	MEME-1	chr9	44773828	44773838	+	13.0704	2.06e-05	0.0381	AGGGCGGGGCG
WGGGTGTGGYY	MEME-1	chr11	104843162	104843172	+	13.0704	2.06e-05	0.0381	AGGGCGGGGCG
WGGGTGTGGYY	MEME-1	chr7	148354619	148354629	+	13.0704	2.06e-05	0.0381	AGGGCGGGGCG
WGGGTGTGGYY	MEME-1	chr16	49839894	49839904	-	12.9577	2.13e-05	0.0392	AGGGTGTGTTT
WGGGTGTGGYY	MEME-1	chr5	53046586	53046596	-	12.9577	2.13e-05	0.0392	AGGGTGTGTTT
WGGGTGTGGYY	MEME-1	chr15	34829935	34829945	+	12.9155	2.19e-05	0.0397	GGGGTGGGGCT
WGGGTGTGGYY	MEME-1	chr19	56466326	56466336	+	12.9155	2.19e-05	0.0397	GGGGTGGGGCT
WGGGTGTGGYY	MEME-1	chr2	72859366	72859376	-	12.9155	2.19e-05	0.0397	GGGGTGGGGCT
WGGGTGTGGYY	MEME-1	chr8	73222619	73222629	-	12.9155	2.19e-05	0.0397	GGGGTGGGGCT
WGGGTGTGGYY	MEME-1	chr9	98390199	98390209	-	12.9155	2.19e-05	0.0397	GGGGTGGGGCT
WGGGTGTGGYY	MEME-1	chr4	154285971	154285981	+	12.9155	2.19e-05	0.0397	GGGGTGGGGCT
WGGGTGTGGYY	MEME-1	chr10	40924886	40924896	-	12.8873	2.24e-05	0.0401	TGGGTGTGCTT
WGGGTGTGGYY	MEME-1	chr13	73612969	73612979	+	12.8873	2.24e-05	0.0401	TGGGTGTGCTT
WGGGTGTGGYY	MEME-1	chr6	83346058	83346068	+	12.8873	2.24e-05	0.0401	TGGGTGTGCTT
WGGGTGTGGYY	MEME-1	chr7	87847516	87847526	-	12.8873	2.24e-05	0.0401	TGGGTGTGATC
WGGGTGTGGYY	MEME-1	chr11	4577430	4577440	+	12.8592	2.31e-05	0.041	AGGGCGTGTCC
WGGGTGTGGYY	MEME-1	chr9	21362928	21362938	+	12.8592	2.31e-05	0.041	AGGGTGTGTCA
WGGGTGTGGYY	MEME-1	chr5	129723569	129723579	+	12.8592	2.31e-05	0.041	AGGGCGTGTCC
WGGGTGTGGYY	MEME-1	chr11	44322817	44322827	+	12.8169	2.37e-05	0.0421	TGGGTGTGTCG
WGGGTGTGGYY	MEME-1	chr4	118293355	118293365	-	12.7887	2.44e-05	0.0431	TGGGCGTGCCC
WGGGTGTGGYY	MEME-1	chr5	96888805	96888815	+	12.7183	2.53e-05	0.0445	AGGGCGTGCCC
WGGGTGTGGYY	MEME-1	chr12	78031228	78031238	+	12.6901	2.55e-05	0.0449	TGGGTGTGATT
WGGGTGTGGYY	MEME-1	chr13	45622819	45622829	-	12.662	2.64e-05	0.046	AGGGCGTGTCT
WGGGTGTGGYY	MEME-1	chr17	47673134	47673144	+	12.662	2.64e-05	0.046	AGGGCGTGTCT
WGGGTGTGGYY	MEME-1	chr11	116481485	116481495	+	12.662	2.64e-05	0.046	AGGGCGTGTCT
WGGGTGTGGYY	MEME-1	chr2	122090865	122090875	-	12.6197	2.66e-05	0.0463	AGGGTGTGATT
WGGGTGTGGYY	MEME-1	chr15	98887008	98887018	-	12.6056	2.71e-05	0.047	AGGGTGTAGTT
WGGGTGTGGYY	MEME-1	chr1	59010724	59010734	-	12.5775	2.84e-05	0.0491	TGGGCGTAGCC
WGGGTGTGGYY	MEME-1	chr8	24164664	24164674	-	12.5211	2.92e-05	0.0497	AGGGCGTGCCT
WGGGTGTGGYY	MEME-1	chr9	24715263	24715273	-	12.5211	2.92e-05	0.0497	AGGGCGTGCCT
WGGGTGTGGYY	MEME-1	chr19	55940461	55940471	+	12.5211	2.92e-05	0.0497	AGGGTGTGACA
WGGGTGTGGYY	MEME-1	chr6	57653328	57653338	-	12.5211	2.92e-05	0.0497	AGGGCGTGACC
WGGGTGTGGYY	MEME-1	chr15	62052864	62052874	-	12.5211	2.92e-05	0.0497	AGGGTGTGACA
WGGGTGTGGYY	MEME-1	chr3	68858843	68858853	+	12.5211	2.92e-05	0.0497	TGGGTGGGCCC
WGGGTGTGGYY	MEME-1	chr12	112506069	112506079	+	12.5211	2.92e-05	0.0497	AGGGCGTGACC
WGGGTGTGGYY	MEME-1	chr6	34428916	34428926	+	12.507	2.97e-05	0.0503	AGGGTGTAGCA
WGGGTGTGGYY	MEME-1	chr17	28946363	28946373	+	12.4648	3.08e-05	0.0518	TGGGCGTGGAC
WGGGTGTGGYY	MEME-1	chr3	33209992	33210002	+	12.4648	3.08e-05	0.0518	TGGGTGTGGAA
WGGGTGTGGYY	MEME-1	chr6	135115863	135115873	-	12.4648	3.08e-05	0.0518	TGGGTGGGTCT
WGGGTGTGGYY	MEME-1	chr7	148318032	148318042	+	12.4507	3.1e-05	0.052	AGGGTGGGCCC
WGGGTGTGGYY	MEME-1	chr10	76673986	76673996	-	12.4225	3.14e-05	0.0521	GGGGTGTGGTA
WGGGTGTGGYY	MEME-1	chr11	94859106	94859116	-	12.4225	3.14e-05	0.0521	GGGGTGTGGTA
WGGGTGTGGYY	MEME-1	chr9	108710129	108710139	+	12.4225	3.14e-05	0.0521	GGGGCGTGGTC
WGGGTGTGGYY	MEME-1	chr6	144850528	144850538	+	12.4225	3.14e-05	0.0521	GGGGCGTGGTC
WGGGTGTGGYY	MEME-1	chr14	21299131	21299141	-	12.4085	3.16e-05	0.0521	AGGGTGTGACG
WGGGTGTGGYY	MEME-1	chr4	118863384	118863394	-	12.4085	3.16e-05	0.0521	AGGGTGTGACG
WGGGTGTGGYY	MEME-1	chr5	118933602	118933612	-	12.4085	3.16e-05	0.0521	AGGGTGTGACG
WGGGTGTGGYY	MEME-1	chr13	25281808	25281818	+	12.3944	3.27e-05	0.0538	AGGGTGTGGAA
WGGGTGTGGYY	MEME-1	chr1	36977408	36977418	-	12.3521	3.32e-05	0.0542	TGGGTGTGGAG
WGGGTGTGGYY	MEME-1	chr11	57590758	57590768	-	12.3521	3.32e-05	0.0542	TGGGTGTGGAG
WGGGTGTGGYY	MEME-1	chr6	57653558	57653568	-	12.3239	3.38e-05	0.0545	AGGGCGTGACT
WGGGTGTGGYY	MEME-1	chr13	57679399	57679409	-	12.3239	3.38e-05	0.0545	AGGGCGTGACT
WGGGTGTGGYY	MEME-1	chr8	85947168	85947178	+	12.3239	3.38e-05	0.0545	TGGGTGGGCCT
WGGGTGTGGYY	MEME-1	chr5	87233125	87233135	-	12.3239	3.38e-05	0.0545	AGGGCGTGACT
WGGGTGTGGYY	MEME-1	chr15	95715845	95715855	+	12.3239	3.38e-05	0.0545	TGGGTGGGACC
WGGGTGTGGYY	MEME-1	chr1	137838455	137838465	-	12.3239	3.38e-05	0.0545	AGGGCGTGACT
WGGGTGTGGYY	MEME-1	chr14	21299337	21299347	+	12.3099	3.47e-05	0.0546	TGGGTGGAGCC
WGGGTGTGGYY	MEME-1	chr6	41654322	41654332	+	12.3099	3.47e-05	0.0546	TGGGTGGAGCC
WGGGTGTGGYY	MEME-1	chr11	44322593	44322603	-	12.3099	3.47e-05	0.0546	TGGGTGGAGCC
WGGGTGTGGYY	MEME-1	chr13	56459517	56459527	+	12.3099	3.47e-05	0.0546	AGGGCGTAGCT
WGGGTGTGGYY	MEME-1	chr12	58298861	58298871	-	12.3099	3.47e-05	0.0546	GGGGTGTGGTG
WGGGTGTGGYY	MEME-1	chr4	62177835	62177845	-	12.3099	3.47e-05	0.0546	GGGGTGTGGTG
WGGGTGTGGYY	MEME-1	chr11	69760036	69760046	-	12.3099	3.47e-05	0.0546	GGGGTGTGGTG
WGGGTGTGGYY	MEME-1	chr5	144322499	144322509	+	12.3099	3.47e-05	0.0546	TGGGTGGAGCC
WGGGTGTGGYY	MEME-1	chr4	151334758	151334768	+	12.3099	3.47e-05	0.0546	TGGGTGGAGCC
WGGGTGTGGYY	MEME-1	chr16	32509251	32509261	-	12.2958	3.49e-05	0.0547	TGGGCGGGGTA
WGGGTGTGGYY	MEME-1	chr11	69760027	69760037	-	12.2958	3.49e-05	0.0547	TGGGCGGGGTA
WGGGTGTGGYY	MEME-1	chr19	4558452	4558462	-	12.2817	3.51e-05	0.0547	AGGGTGTGGAG
WGGGTGTGGYY	MEME-1	chr4	129141281	129141291	-	12.2817	3.51e-05	0.0547	AGGGTGTGGAG
WGGGTGTGGYY	MEME-1	chr1	60400035	60400045	+	12.2535	3.62e-05	0.056	AGGGTGGGACC
WGGGTGTGGYY	MEME-1	chr4	118241468	118241478	+	12.2535	3.62e-05	0.056	TGGGTGTGGGA
WGGGTGTGGYY	MEME-1	chr7	148318328	148318338	+	12.2535	3.62e-05	0.056	TGGGTGTGGGA
WGGGTGTGGYY	MEME-1	chr5	37127464	37127474	+	12.2394	3.64e-05	0.0561	AGGGTGGAGCC
WGGGTGTGGYY	MEME-1	chr13	112863874	112863884	+	12.2394	3.64e-05	0.0561	AGGGTGGAGCC
WGGGTGTGGYY	MEME-1	chr4	106351699	106351709	+	12.2254	3.68e-05	0.0566	GGGGCGTGGTT
WGGGTGTGGYY	MEME-1	chr19	5846366	5846376	+	12.1549	3.81e-05	0.0581	GGGGTGGGGTC
WGGGTGTGGYY	MEME-1	chr17	25716537	25716547	-	12.1549	3.81e-05	0.0581	GGGGTGGGGTC
WGGGTGTGGYY	MEME-1	chr15	79758345	79758355	+	12.1549	3.81e-05	0.0581	GGGGTGGGGTC
WGGGTGTGGYY	MEME-1	chr19	56466270	56466280	+	12.1408	3.83e-05	0.0583	TGGGTGTGGGG
WGGGTGTGGYY	MEME-1	chr11	117187430	117187440	+	12.1268	3.89e-05	0.0585	GGGGCGTGGCA
WGGGTGTGGYY	MEME-1	chr5	118933723	118933733	-	12.1268	3.89e-05	0.0585	GGGGCGTGGCA
WGGGTGTGGYY	MEME-1	chr3	121365796	121365806	-	12.1268	3.89e-05	0.0585	TGGGTGGGACT
WGGGTGTGGYY	MEME-1	chr2	131039754	131039764	-	12.1268	3.89e-05	0.0585	AGGGTGGGGAC
WGGGTGTGGYY	MEME-1	chr4	154285981	154285991	+	12.1268	3.89e-05	0.0585	TGGGTGGGACT
WGGGTGTGGYY	MEME-1	chr4	9588338	9588348	-	12.1127	3.95e-05	0.0589	AGGGCGGGGTG
WGGGTGTGGYY	MEME-1	chr11	32169165	32169175	+	12.1127	3.95e-05	0.0589	TGGGTGGAGCT
WGGGTGTGGYY	MEME-1	chr15	103088846	103088856	+	12.1127	3.95e-05	0.0589	AGGGCGGGGTG
WGGGTGTGGYY	MEME-1	chr4	151104518	151104528	-	12.1127	3.95e-05	0.0589	TGGGTGGAGCT
WGGGTGTGGYY	MEME-1	chr2	93306914	93306924	+	12.0704	3.97e-05	0.0591	AGGGTGTGGGG
WGGGTGTGGYY	MEME-1	chr1	36976709	36976719	-	12.0563	4.02e-05	0.0594	AGGGTGGGACT
WGGGTGTGGYY	MEME-1	chr15	83139348	83139358	-	12.0563	4.02e-05	0.0594	TGGGCGTGGGT
WGGGTGTGGYY	MEME-1	chr11	96809434	96809444	+	12.0563	4.02e-05	0.0594	AGGGTGGGACT
WGGGTGTGGYY	MEME-1	chr19	8994708	8994718	+	12.0423	4.04e-05	0.0594	AGGGTGGAGCT
WGGGTGTGGYY	MEME-1	chr13	94158755	94158765	+	12.0423	4.04e-05	0.0594	AGGGTGGAGCT
WGGGTGTGGYY	MEME-1	chr7	26004935	26004945	-	12.0141	4.06e-05	0.0596	GGGGCGTGGCG
WGGGTGTGGYY	MEME-1	chr14	70506918	70506928	-	12	4.08e-05	0.0597	TGGGTGGGGAT
WGGGTGTGGYY	MEME-1	chr2	112350433	112350443	+	11.9859	4.12e-05	0.0601	AGGGCGTGGGT
WGGGTGTGGYY	MEME-1	chr4	118241406	118241416	+	11.9859	4.12e-05	0.0601	TGGGTGGGGGC
WGGGTGTGGYY	MEME-1	chr6	38874208	38874218	-	11.9577	4.19e-05	0.0606	GGGGTGGGGTT
WGGGTGTGGYY	MEME-1	chr19	55293525	55293535	-	11.9577	4.19e-05	0.0606	GGGGTGGGGTT
WGGGTGTGGYY	MEME-1	chr5	64979481	64979491	+	11.9577	4.19e-05	0.0606	GGGGTGGGGTT
WGGGTGTGGYY	MEME-1	chr11	99087795	99087805	+	11.9014	4.28e-05	0.0616	AGGGCGTGTTC
WGGGTGTGGYY	MEME-1	chr16	10384423	10384433	+	11.8592	4.34e-05	0.0616	GGGGTGGGGCA
WGGGTGTGGYY	MEME-1	chr11	60988936	60988946	+	11.8592	4.34e-05	0.0616	GGGGTGGGGCA
WGGGTGTGGYY	MEME-1	chr11	74652136	74652146	+	11.8592	4.34e-05	0.0616	GGGGCGGGGCC
WGGGTGTGGYY	MEME-1	chr14	79987410	79987420	+	11.8592	4.34e-05	0.0616	GGGGCGGGGCC
WGGGTGTGGYY	MEME-1	chr2	84682292	84682302	-	11.8592	4.34e-05	0.0616	GGGGTGGGGCA
WGGGTGTGGYY	MEME-1	chr3	97461988	97461998	-	11.8592	4.34e-05	0.0616	GGGGCGGGGCC
WGGGTGTGGYY	MEME-1	chr2	103962063	103962073	-	11.8592	4.34e-05	0.0616	GGGGTGGGGCA
WGGGTGTGGYY	MEME-1	chr5	130456277	130456287	-	11.8592	4.34e-05	0.0616	GGGGTGGGGCA
WGGGTGTGGYY	MEME-1	chr4	154303558	154303568	-	11.7887	4.45e-05	0.0628	AGGGTGTGTTG
WGGGTGTGGYY	MEME-1	chr1	170140905	170140915	+	11.7887	4.45e-05	0.0628	TGGGTGGGGGT
WGGGTGTGGYY	MEME-1	chr8	87362502	87362512	+	11.7606	4.56e-05	0.0638	TGGGTGAGGCC
WGGGTGTGGYY	MEME-1	chr6	35303907	35303917	-	11.7465	4.58e-05	0.0638	GGGGTGGGGCG
WGGGTGTGGYY	MEME-1	chr14	70866212	70866222	+	11.7465	4.58e-05	0.0638	GGGGTGGGGCG
WGGGTGTGGYY	MEME-1	chr12	113882764	113882774	-	11.7465	4.58e-05	0.0638	GGGGTGGGGCG
WGGGTGTGGYY	MEME-1	chr5	118933782	118933792	-	11.7465	4.58e-05	0.0638	GGGGTGGGGCG
WGGGTGTGGYY	MEME-1	chr8	125244383	125244393	+	11.7465	4.58e-05	0.0638	GGGGTGGGGCG
WGGGTGTGGYY	MEME-1	chr19	5846036	5846046	+	11.7183	4.62e-05	0.0638	AGGGTGGGGGT
WGGGTGTGGYY	MEME-1	chr9	21362777	21362787	+	11.7183	4.62e-05	0.0638	TGGGTGTGCTG
WGGGTGTGGYY	MEME-1	chr11	97307402	97307412	-	11.7183	4.62e-05	0.0638	TGGGTGTGCTG
WGGGTGTGGYY	MEME-1	chr8	108344736	108344746	+	11.7183	4.62e-05	0.0638	TGGGTGTGCTG
WGGGTGTGGYY	MEME-1	chr2	25869333	25869343	+	11.6901	4.69e-05	0.0638	AGGGTGAGGCC
WGGGTGTGGYY	MEME-1	chr6	57653292	57653302	+	11.6901	4.69e-05	0.0638	AGGGTGAGGCC
WGGGTGTGGYY	MEME-1	chr9	114376136	114376146	-	11.6901	4.69e-05	0.0638	AGGGTGAGGCC
WGGGTGTGGYY	MEME-1	chr7	6315764	6315774	-	11.662	4.73e-05	0.0638	GGGGCGGGGCT
WGGGTGTGGYY	MEME-1	chr15	79758251	79758261	-	11.662	4.73e-05	0.0638	GGGGCGGGGCT
WGGGTGTGGYY	MEME-1	chr3	97462074	97462084	+	11.662	4.73e-05	0.0638	GGGGCGGGGCT
WGGGTGTGGYY	MEME-1	chr3	100351789	100351799	+	11.662	4.73e-05	0.0638	GGGGCGGGGCT
WGGGTGTGGYY	MEME-1	chr12	113882824	113882834	-	11.662	4.73e-05	0.0638	GGGGCGGGGCT
WGGGTGTGGYY	MEME-1	chr7	128850992	128851002	-	11.662	4.73e-05	0.0638	GGGGCGGGGCT
WGGGTGTGGYY	MEME-1	chr5	129723526	129723536	+	11.662	4.73e-05	0.0638	GGGGCGGGGCT
WGGGTGTGGYY	MEME-1	chr1	157198853	157198863	+	11.662	4.73e-05	0.0638	GGGGCGGGGCT
WGGGTGTGGYY	MEME-1	chr11	54679531	54679541	-	11.6338	4.86e-05	0.0652	TGGGTGTGATA
WGGGTGTGGYY	MEME-1	chr14	71023798	71023808	-	11.6338	4.86e-05	0.0652	TGGGTGCGGCT
WGGGTGTGGYY	MEME-1	chr7	148957048	148957058	+	11.6338	4.86e-05	0.0652	TGGGTGCGGCT
WGGGTGTGGYY	MEME-1	chr7	28234065	28234075	+	11.5634	5.08e-05	0.0673	TGGGTGAGGCT
WGGGTGTGGYY	MEME-1	chr14	69939985	69939995	+	11.5634	5.08e-05	0.0673	TGGGTGAGGCT
WGGGTGTGGYY	MEME-1	chr3	100351628	100351638	-	11.5634	5.08e-05	0.0673	AGGGCGTGATC
WGGGTGTGGYY	MEME-1	chr4	109112596	109112606	+	11.5634	5.08e-05	0.0673	TGGGTGAGGCT
WGGGTGTGGYY	MEME-1	chr12	112063268	112063278	-	11.5634	5.08e-05	0.0673	AGGGTGTGATA
WGGGTGTGGYY	MEME-1	chr5	118930153	118930163	+	11.5634	5.08e-05	0.0673	TGGGTGAGGCT
WGGGTGTGGYY	MEME-1	chr2	122090783	122090793	+	11.5634	5.08e-05	0.0673	TGGGTGAGGCT
WGGGTGTGGYY	MEME-1	chr11	69793533	69793543	-	11.5493	5.13e-05	0.0676	AGGGCGTAGTC
WGGGTGTGGYY	MEME-1	chr2	164599625	164599635	+	11.5493	5.13e-05	0.0676	AGGGCGTAGTC
WGGGTGTGGYY	MEME-1	chr9	113850810	113850820	+	11.507	5.24e-05	0.0689	TGGGTGGGTTT
WGGGTGTGGYY	MEME-1	chr3	88167506	88167516	+	11.493	5.33e-05	0.0696	AGGGTGAGGCT
WGGGTGTGGYY	MEME-1	chr3	88305730	88305740	+	11.493	5.33e-05	0.0696	TGGGAGTGGCC
WGGGTGTGGYY	MEME-1	chr9	114376095	114376105	-	11.493	5.33e-05	0.0696	AGGGCGTGTCG
WGGGTGTGGYY	MEME-1	chr9	70774778	70774788	+	11.4225	5.51e-05	0.0715	AGGGAGTGGCC
WGGGTGTGGYY	MEME-1	chr10	128184793	128184803	+	11.4225	5.51e-05	0.0715	AGGGAGTGGCC
WGGGTGTGGYY	MEME-1	chr5	28369398	28369408	-	11.4225	5.51e-05	0.0715	AGGGAGTGGCC
WGGGTGTGGYY	MEME-1	chr16	10384384	10384394	+	11.3521	5.74e-05	0.0731	TGGGTGGAGTC
WGGGTGTGGYY	MEME-1	chr4	41334964	41334974	+	11.3521	5.74e-05	0.0731	AGGGCGTGCCG
WGGGTGTGGYY	MEME-1	chr17	48438658	48438668	+	11.3521	5.74e-05	0.0731	TGGGTGGAGTC
WGGGTGTGGYY	MEME-1	chr4	128287542	128287552	+	11.3521	5.74e-05	0.0731	TGGGTGGAGTC
WGGGTGTGGYY	MEME-1	chr4	134961001	134961011	+	11.3521	5.74e-05	0.0731	TGGGTGGAGTC
WGGGTGTGGYY	MEME-1	chr18	60666929	60666939	-	11.3521	5.74e-05	0.0731	AGGGCGTGCCG
WGGGTGTGGYY	MEME-1	chr9	70774734	70774744	-	11.3521	5.74e-05	0.0731	TGGGTGGAGTC
WGGGTGTGGYY	MEME-1	chr12	70860714	70860724	-	11.3521	5.74e-05	0.0731	TGGGTGGAGTC
WGGGTGTGGYY	MEME-1	chr12	85792036	85792046	-	11.3521	5.74e-05	0.0731	TGGGTGGAGTC
WGGGTGTGGYY	MEME-1	chr11	94195859	94195869	-	11.3521	5.74e-05	0.0731	TGGGTGGAGTC
WGGGTGTGGYY	MEME-1	chr5	68207090	68207100	-	11.338	5.83e-05	0.0739	GGGGTGTGTCT
WGGGTGTGGYY	MEME-1	chr1	75175984	75175994	-	11.338	5.83e-05	0.0739	GGGGTGTGTCT
WGGGTGTGGYY	MEME-1	chr11	69186883	69186893	-	11.2958	5.98e-05	0.0753	TGGGAGTGGCT
WGGGTGTGGYY	MEME-1	chr1	173447987	173447997	-	11.2958	5.98e-05	0.0753	TGGGAGTGGCT
WGGGTGTGGYY	MEME-1	chr5	34916009	34916019	-	11.2817	6.01e-05	0.0753	AGGGTGGAGTC
WGGGTGTGGYY	MEME-1	chr11	121295695	121295705	-	11.2817	6.01e-05	0.0753	AGGGTGGAGTC
WGGGTGTGGYY	MEME-1	chr7	128009576	128009586	-	11.2817	6.01e-05	0.0753	AGGGTGGAGTC
WGGGTGTGGYY	MEME-1	chr2	180447362	180447372	-	11.2817	6.01e-05	0.0753	AGGGTGGAGTC
WGGGTGTGGYY	MEME-1	chr4	62177846	62177856	+	11.2676	6.07e-05	0.0758	TGGGTGGGCCA
WGGGTGTGGYY	MEME-1	chr14	69939950	69939960	+	11.2676	6.07e-05	0.0758	TGGGTGGGCCA
WGGGTGTGGYY	MEME-1	chr5	89197453	89197463	-	11.2535	6.11e-05	0.0762	AGGGCGTAGCA
WGGGTGTGGYY	MEME-1	chr17	24289452	24289462	+	11.2254	6.18e-05	0.0767	AGGGAGTGGCT
WGGGTGTGGYY	MEME-1	chr8	73222365	73222375	+	11.2254	6.18e-05	0.0767	TGGGCGTGACG
WGGGTGTGGYY	MEME-1	chr12	70465280	70465290	+	11.1972	6.35e-05	0.0782	AGGGCGGGCCC
WGGGTGTGGYY	MEME-1	chr8	83025370	83025380	+	11.1972	6.35e-05	0.0782	AGGGCGGGCCC
WGGGTGTGGYY	MEME-1	chr5	89056744	89056754	+	11.1972	6.35e-05	0.0782	TGGGTGTTGCT
WGGGTGTGGYY	MEME-1	chr4	134486529	134486539	-	11.1972	6.35e-05	0.0782	AGGGCGGGCCC
WGGGTGTGGYY	MEME-1	chr7	107641105	107641115	-	11.1408	6.56e-05	0.0807	AGGGCGTGGAA
WGGGTGTGGYY	MEME-1	chr5	105995160	105995170	+	11.0986	6.65e-05	0.0817	AGGGTGGGATT
WGGGTGTGGYY	MEME-1	chr11	57768137	57768147	-	11.0845	6.7e-05	0.082	AGGGTGGGCCG
WGGGTGTGGYY	MEME-1	chr11	117642117	117642127	-	11.0704	6.78e-05	0.0826	TGGGTGGGACA
WGGGTGTGGYY	MEME-1	chr17	12397939	12397949	+	11.0563	6.91e-05	0.0826	GGGGCGTGGTG
WGGGTGTGGYY	MEME-1	chr9	66764130	66764140	+	11.0563	6.91e-05	0.0826	GGGGCGTGGTG
WGGGTGTGGYY	MEME-1	chr5	73746867	73746877	+	11.0563	6.91e-05	0.0826	TGGGTGGAGCA
WGGGTGTGGYY	MEME-1	chr8	87495036	87495046	+	11.0563	6.91e-05	0.0826	TGGGTGGAGCA
WGGGTGTGGYY	MEME-1	chr14	119195475	119195485	+	11.0563	6.91e-05	0.0826	TGGGTGGAGCA
WGGGTGTGGYY	MEME-1	chr16	8655838	8655848	-	11.0563	6.91e-05	0.0826	AAGGTGTGGCT
WGGGTGTGGYY	MEME-1	chr7	25994274	25994284	-	11.0563	6.91e-05	0.0826	AAGGTGTGGCT
WGGGTGTGGYY	MEME-1	chr11	57590820	57590830	-	11.0563	6.91e-05	0.0826	GGGGCGTGGTG
WGGGTGTGGYY	MEME-1	chr11	84637224	84637234	-	11.0563	6.91e-05	0.0826	TGGGTGGAGCA
WGGGTGTGGYY	MEME-1	chr13	96735214	96735224	-	11.0563	6.91e-05	0.0826	AAGGTGTGGCT
WGGGTGTGGYY	MEME-1	chr11	101309691	101309701	-	11.0563	6.91e-05	0.0826	TGGGCGGAGCC
WGGGTGTGGYY	MEME-1	chr1	157124014	157124024	-	11.0563	6.91e-05	0.0826	CGGGCGTGGCC
WGGGTGTGGYY	MEME-1	chr19	55358652	55358662	+	11	7.03e-05	0.0838	AGGGCGGGACC
WGGGTGTGGYY	MEME-1	chr19	45121980	45121990	-	11	7.03e-05	0.0838	AGGGCGGGCCT
WGGGTGTGGYY	MEME-1	chr11	32151036	32151046	+	10.9859	7.1e-05	0.0842	AGGGTGGAGCA
WGGGTGTGGYY	MEME-1	chr4	128287485	128287495	+	10.9859	7.1e-05	0.0842	GGGGTGTAGCT
WGGGTGTGGYY	MEME-1	chr5	116395266	116395276	-	10.9437	7.2e-05	0.0852	TGGGTGGGGAA
WGGGTGTGGYY	MEME-1	chr2	84852513	84852523	+	10.9296	7.22e-05	0.0852	AGGGCGTGGGA
WGGGTGTGGYY	MEME-1	chrX	146984332	146984342	-	10.9296	7.22e-05	0.0852	AGGGCGTGGGA
WGGGTGTGGYY	MEME-1	chr14	69940230	69940240	+	10.9014	7.26e-05	0.0852	GGGGCGGGGTC
WGGGTGTGGYY	MEME-1	chr13	81067763	81067773	+	10.9014	7.26e-05	0.0852	GGGGTGGGGTA
WGGGTGTGGYY	MEME-1	chr11	90524350	90524360	+	10.9014	7.26e-05	0.0852	GGGGTGGGGTA
WGGGTGTGGYY	MEME-1	chr11	115374878	115374888	+	10.8873	7.3e-05	0.0856	TGGGCGTGGGG
WGGGTGTGGYY	MEME-1	chr4	117504745	117504755	+	10.8732	7.43e-05	0.0859	TGGGTGCGGTC
WGGGTGTGGYY	MEME-1	chr4	117504898	117504908	+	10.8732	7.43e-05	0.0859	AGGGCGGGGAC
WGGGTGTGGYY	MEME-1	chr1	196502251	196502261	+	10.8732	7.43e-05	0.0859	GGGGTGTGGAT
WGGGTGTGGYY	MEME-1	chr4	134961058	134961068	-	10.8732	7.43e-05	0.0859	AGGGTGGAGCG
WGGGTGTGGYY	MEME-1	chr7	148976494	148976504	-	10.8732	7.43e-05	0.0859	GGGGTGTGGAT
WGGGTGTGGYY	MEME-1	chr3	151777918	151777928	-	10.8732	7.43e-05	0.0859	TGGGCGGGACT
WGGGTGTGGYY	MEME-1	chr13	100518286	100518296	-	10.8592	7.49e-05	0.0859	TGGGCGGAGCT
WGGGTGTGGYY	MEME-1	chr4	118241633	118241643	+	10.831	7.51e-05	0.0859	TGGGTGGGGAG
WGGGTGTGGYY	MEME-1	chr16	8656089	8656099	-	10.831	7.51e-05	0.0859	TGGGTGGGGAG
WGGGTGTGGYY	MEME-1	chr4	128287562	128287572	+	10.8169	7.53e-05	0.0859	AGGGCGTGGGG
WGGGTGTGGYY	MEME-1	chr7	16987470	16987480	-	10.8169	7.53e-05	0.0859	AGGGCGTGGGG
WGGGTGTGGYY	MEME-1	chr16	34031829	34031839	+	10.8028	7.6e-05	0.0859	AGGGTGCGGTC
WGGGTGTGGYY	MEME-1	chr15	56455527	56455537	+	10.7887	7.66e-05	0.0859	GGGGTGGGGTG
WGGGTGTGGYY	MEME-1	chr9	107206895	107206905	+	10.7887	7.66e-05	0.0859	GGGGTGGGGTG
WGGGTGTGGYY	MEME-1	chr14	119195504	119195514	+	10.7887	7.66e-05	0.0859	GGGGTGGGGTG
WGGGTGTGGYY	MEME-1	chr1	134980015	134980025	+	10.7887	7.66e-05	0.0859	AGGGCGGAGCT
WGGGTGTGGYY	MEME-1	chr6	136416889	136416899	+	10.7887	7.66e-05	0.0859	GGGGTGGGGTG
WGGGTGTGGYY	MEME-1	chr1	9738448	9738458	-	10.7887	7.66e-05	0.0859	GGGGTGGGGTG
WGGGTGTGGYY	MEME-1	chr17	29575368	29575378	-	10.7887	7.66e-05	0.0859	GGGGTGGGGTG
WGGGTGTGGYY	MEME-1	chr14	70866368	70866378	-	10.7887	7.66e-05	0.0859	GGGGTGGGGTG
WGGGTGTGGYY	MEME-1	chr11	102226549	102226559	-	10.7887	7.66e-05	0.0859	GGGGTGGGGTG
WGGGTGTGGYY	MEME-1	chr4	118293184	118293194	-	10.7887	7.66e-05	0.0859	GGGGTGGGGTG
WGGGTGTGGYY	MEME-1	chr5	138127227	138127237	-	10.7887	7.66e-05	0.0859	GGGGTGGGGTG
WGGGTGTGGYY	MEME-1	chr14	69939971	69939981	+	10.7606	7.68e-05	0.0859	AGGGTGGGGAG
WGGGTGTGGYY	MEME-1	chr15	98860091	98860101	+	10.7606	7.68e-05	0.0859	AGGGTGGGGAG
WGGGTGTGGYY	MEME-1	chr7	111009664	111009674	+	10.7606	7.68e-05	0.0859	AGGGTGGGGAG
WGGGTGTGGYY	MEME-1	chr11	84637032	84637042	-	10.7465	7.7e-05	0.086	TGGGCGGGGAT
WGGGTGTGGYY	MEME-1	chr4	118863169	118863179	+	10.7324	7.79e-05	0.0865	TGGGTGGGGGA
WGGGTGTGGYY	MEME-1	chr1	136638946	136638956	+	10.7324	7.79e-05	0.0865	TGGGCGGGGGC
WGGGTGTGGYY	MEME-1	chr1	134264624	134264634	-	10.7324	7.79e-05	0.0865	TGGGTGGGGGA
WGGGTGTGGYY	MEME-1	chr7	6315665	6315675	-	10.7042	7.83e-05	0.0868	GGGGCGGGGTT
WGGGTGTGGYY	MEME-1	chr15	103088948	103088958	+	10.6761	7.87e-05	0.0872	AGGGCGGGGAT
WGGGTGTGGYY	MEME-1	chr17	29067425	29067435	+	10.662	7.96e-05	0.0872	AGGGCGGGGGC
WGGGTGTGGYY	MEME-1	chr10	75308608	75308618	+	10.662	7.96e-05	0.0872	AGGGTGGGGGA
WGGGTGTGGYY	MEME-1	chr11	96817383	96817393	+	10.662	7.96e-05	0.0872	GGGGTGTGGGT
WGGGTGTGGYY	MEME-1	chr2	78556474	78556484	-	10.662	7.96e-05	0.0872	AGGGCGGGGGC
WGGGTGTGGYY	MEME-1	chr12	112063308	112063318	-	10.662	7.96e-05	0.0872	AGGGTGTATCC
WGGGTGTGGYY	MEME-1	chr1	136638672	136638682	-	10.662	7.96e-05	0.0872	AGGGTGGGGGA
WGGGTGTGGYY	MEME-1	chr12	114386782	114386792	+	10.6197	8.02e-05	0.0872	TGGGTGTGTAC
WGGGTGTGGYY	MEME-1	chr8	19984137	19984147	-	10.6197	8.02e-05	0.0872	TGGGTGTGTAC
WGGGTGTGGYY	MEME-1	chr17	24340248	24340258	-	10.6197	8.02e-05	0.0872	TGGGTGGGGGG
WGGGTGTGGYY	MEME-1	chr11	32151020	32151030	-	10.6197	8.02e-05	0.0872	TGGGTGTGTAC
WGGGTGTGGYY	MEME-1	chr15	95715629	95715639	-	10.6197	8.02e-05	0.0872	TGGGTGGGGGG
WGGGTGTGGYY	MEME-1	chr19	11699961	11699971	+	10.6056	8.11e-05	0.0874	GGGGCGGGGCA
WGGGTGTGGYY	MEME-1	chr9	44773833	44773843	+	10.6056	8.11e-05	0.0874	GGGGCGGGGCA
WGGGTGTGGYY	MEME-1	chr9	90157103	90157113	+	10.6056	8.11e-05	0.0874	GGGGCGGGGCA
WGGGTGTGGYY	MEME-1	chr7	28320599	28320609	-	10.6056	8.11e-05	0.0874	GGGGCGGGGCA
WGGGTGTGGYY	MEME-1	chr2	78556468	78556478	-	10.6056	8.11e-05	0.0874	GGGGCGGGGCA
WGGGTGTGGYY	MEME-1	chr18	62120385	62120395	-	10.5915	8.15e-05	0.0877	TGGGTGTACCC
WGGGTGTGGYY	MEME-1	chr9	44773781	44773791	+	10.5493	8.28e-05	0.0889	AGGGTGGGGGG
WGGGTGTGGYY	MEME-1	chr17	29575333	29575343	-	10.4789	8.56e-05	0.0918	TGGGTGTGCAC
WGGGTGTGGYY	MEME-1	chr3	60589247	60589257	-	10.4648	8.67e-05	0.0928	TGGGCGTGCTG
WGGGTGTGGYY	MEME-1	chr5	143814537	143814547	-	10.4507	8.71e-05	0.0931	TGGGTGGGTTA
WGGGTGTGGYY	MEME-1	chr4	151334851	151334861	-	10.4225	8.82e-05	0.0941	TGGGTGTGTAT
WGGGTGTGGYY	MEME-1	chr17	25039965	25039975	+	10.4085	8.87e-05	0.0941	TGGGTGTGTGC
WGGGTGTGGYY	MEME-1	chr3	104844044	104844054	-	10.4085	8.87e-05	0.0941	TGGGTGTGTGC
WGGGTGTGGYY	MEME-1	chr3	108248421	108248431	-	10.4085	8.87e-05	0.0941	TGGGTGTGTGC
WGGGTGTGGYY	MEME-1	chr7	6315647	6315657	-	10.3803	9.09e-05	0.0962	AGGGCGGGTTC
WGGGTGTGGYY	MEME-1	chr11	104890756	104890766	-	10.3803	9.09e-05	0.0962	AGGGTGGGTTA
WGGGTGTGGYY	MEME-1	chr2	152650770	152650780	-	10.3662	9.16e-05	0.0967	TGGGCGTAGTA
WGGGTGTGGYY	MEME-1	chr4	153535399	153535409	+	10.338	9.25e-05	0.0972	AGGGTGTGTGC
WGGGTGTGGYY	MEME-1	chr17	35880049	35880059	-	10.338	9.25e-05	0.0972	AGGGTGTGTGC
WGGGTGTGGYY	MEME-1	chr4	44084710	44084720	-	10.338	9.25e-05	0.0972	AGGGTGTGTGC
WGGGTGTGGYY	MEME-1	chr12	82044599	82044609	+	10.3239	9.31e-05	0.0978	AGGGTGTAACC
WGGGTGTGGYY	MEME-1	chr6	142839056	142839066	+	10.2958	9.47e-05	0.0989	AAGGTGTGGTC
WGGGTGTGGYY	MEME-1	chr7	149565953	149565963	+	10.2958	9.47e-05	0.0989	AAGGTGTGGTC
WGGGTGTGGYY	MEME-1	chr12	35474567	35474577	-	10.2958	9.47e-05	0.0989	AAGGTGTGGTC
WGGGTGTGGYY	MEME-1	chr18	62325985	62325995	+	10.2817	9.56e-05	0.0992	GGGGTGTGTCA
WGGGTGTGGYY	MEME-1	chr5	144737785	144737795	+	10.2817	9.56e-05	0.0992	TGGGTGTGAAC
WGGGTGTGGYY	MEME-1	chr5	45951817	45951827	-	10.2817	9.56e-05	0.0992	GGGGCGTGTCC
WGGGTGTGGYY	MEME-1	chr5	118932732	118932742	-	10.2817	9.56e-05	0.0992	GGGGTGTGTCA
WGGGTGTGGYY	MEME-1	chr5	137731048	137731058	+	10.2113	9.96e-05	0.103	TGGGTGTGTGT
WGGGTGTGGYY	MEME-1	chr15	83253252	83253262	-	10.2113	9.96e-05	0.103	TGGGTGTGTGT

# FIMO (Find Individual Motif Occurrences): Version 5.1.0 compiled on Oct  9 2019 at 16:31:56
# The format of this file is described at http://meme-suite.org/doc/fimo-output-format.html.
# fimo --parse-genomic-coord --verbosity 1 --oc memechip_example_output_files/fimo_out_1 --bgfile memechip_example_output_files/background --motif WGGGTGTGGYY memechip_example_output_files/meme_out/meme.xml memechip_example_output_files/Klf1.fna
