prim_db	prim_id	prim_alt	prim_cons	sec_db	sec_id	sec_alt	sec_cons	trim_left	trim_right	red_db	red_id	red_alt	E-value	gap	orient	count	total	adj_p-value	p-value
meme.xml	WGGGTGTGGYY	MEME-1	WGGGTGTGGYY	JASPAR2018_CORE_non-redundant	MA0140.2	GATA1::TAL1	MTTATCWSNNNNNHVCAG	1	0	.	.	.	2.57e-01	2	4	8	154	1.68e-08	1.51e-07
meme.xml	WGGGTGTGGYY	MEME-1	WGGGTGTGGYY	JASPAR2018_CORE_non-redundant	MA0140.2	GATA1::TAL1	MTTATCWSNNNNNHVCAG	1	0	.	.	.	2.57e-01	2	0	6	154	6.21e-08	5.59e-07
meme.xml	WGGGTGTGGYY	MEME-1	WGGGTGTGGYY	JASPAR2018_CORE_non-redundant	MA0140.2	GATA1::TAL1	MTTATCWSNNNNNHVCAG	1	0	.	.	.	2.57e-01	2	8	8	154	2.65e-06	2.39e-05
meme.xml	WGGGTGTGGYY	MEME-1	WGGGTGTGGYY	JASPAR2018_CORE_non-redundant	MA0140.2	GATA1::TAL1	MTTATCWSNNNNNHVCAG	1	0	.	.	.	2.57e-01	2	5	6	154	3.14e-06	2.83e-05
meme.xml	WGGGTGTGGYY	MEME-1	WGGGTGTGGYY	JASPAR2018_CORE_non-redundant	MA0766.1	GATA5	WGATAASR	0	2	.	.	.	6.85e-01	24	6	11	422	4.14e-08	3.73e-07
meme.xml	WGGGTGTGGYY	MEME-1	WGGGTGTGGYY	JASPAR2018_CORE_non-redundant	MA0766.1	GATA5	WGATAASR	0	2	.	.	.	6.85e-01	24	8	15	422	4.36e-08	3.92e-07
meme.xml	WGGGTGTGGYY	MEME-1	WGGGTGTGGYY	JASPAR2018_CORE_non-redundant	MA0766.1	GATA5	WGATAASR	0	2	.	.	.	6.85e-01	24	2	8	422	1.08e-07	9.68e-07
meme.xml	WGGGTGTGGYY	MEME-1	WGGGTGTGGYY	JASPAR2018_CORE_non-redundant	MA0766.1	GATA5	WGATAASR	0	2	.	.	.	6.85e-01	27	6	9	422	2.30e-06	2.07e-05
meme.xml	WGGGTGTGGYY	MEME-1	WGGGTGTGGYY	JASPAR2018_CORE_non-redundant	MA0766.1	GATA5	WGATAASR	0	2	.	.	.	6.85e-01	24	7	9	422	2.30e-06	2.07e-05
meme.xml	WGGGTGTGGYY	MEME-1	WGGGTGTGGYY	JASPAR2018_CORE_non-redundant	MA0766.1	GATA5	WGATAASR	0	2	.	.	.	6.85e-01	26	7	9	422	2.30e-06	2.07e-05
meme.xml	WGGGTGTGGYY	MEME-1	WGGGTGTGGYY	JASPAR2018_CORE_non-redundant	MA0036.3	GATA2	NBCTTATCTNH	2	2	JASPAR2018_CORE_non-redundant	MA0766.1	GATA5	2.39e+00	24	5	9	297	1.46e-07	1.31e-06
meme.xml	WGGGTGTGGYY	MEME-1	WGGGTGTGGYY	JASPAR2018_CORE_non-redundant	MA0036.3	GATA2	NBCTTATCTNH	2	2	JASPAR2018_CORE_non-redundant	MA0766.1	GATA5	2.39e+00	24	3	6	297	1.79e-06	1.61e-05
meme.xml	WGGGTGTGGYY	MEME-1	WGGGTGTGGYY	JASPAR2018_CORE_non-redundant	MA0037.3	GATA3	WGATAASR	0	1	JASPAR2018_CORE_non-redundant	MA0766.1	GATA5	7.34e+00	24	6	9	341	4.48e-07	4.03e-06
meme.xml	WGGGTGTGGYY	MEME-1	WGGGTGTGGYY	JASPAR2018_CORE_non-redundant	MA0037.3	GATA3	WGATAASR	0	1	JASPAR2018_CORE_non-redundant	MA0766.1	GATA5	7.34e+00	24	2	6	341	3.87e-06	3.48e-05
meme.xml	WGGGTGTGGYY	MEME-1	WGGGTGTGGYY	JASPAR2018_CORE_non-redundant	MA0037.3	GATA3	WGATAASR	0	1	JASPAR2018_CORE_non-redundant	MA0766.1	GATA5	7.34e+00	13	1	6	341	3.87e-06	3.48e-05
meme.xml	WGGGTGTGGYY	MEME-1	WGGGTGTGGYY	JASPAR2018_CORE_non-redundant	MA0309.1	GZF3	YGATAASR	0	1	JASPAR2018_CORE_non-redundant	MA0766.1	GATA5	9.46e+00	24	6	8	265	5.77e-07	5.20e-06

# SpaMo (Spaced Motif Analysis Tool): Version 5.1.0 compiled on Oct  9 2019 at 16:32:08
# The format of this file is described at http://meme-suite.org/doc/spamo-output-format.html.
# spamo -verbosity 1 -oc memechip_example_output_files/spamo_out_1 -bgfile memechip_example_output_files/background -keepprimary -primary WGGGTGTGGYY memechip_example_output_files/Klf1.fna memechip_example_output_files/meme_out/meme.xml memechip_example_output_files/meme_out/meme.xml memechip_example_output_files/dreme_out/dreme.xml JASPAR2018_CORE_non-redundant.meme
