Query_ID	Target_ID	Optimal_offset	p-value	E-value	q-value	Overlap	Query_consensus	Target_consensus	Orientation
WGGGTGTGGYY	MA0493.1	0	1.61781e-13	2.27141e-10	4.52988e-10	11	TGGGTGTGGCC	TGGGTGTGGCC	-
WGGGTGTGGYY	MA1107.1	2	8.01127e-08	0.000112478	0.000112158	11	TGGGTGTGGCC	GGTGGGTGTGGCC	-
WGGGTGTGGYY	MA0742.1	4	1.3981e-06	0.00196294	0.0013049	11	TGGGTGTGGCC	AATAAGGGCGTGGTC	-
WGGGTGTGGYY	MA0039.3	2	2.12446e-05	0.0298274	0.0148712	9	TGGGTGTGGCC	GCAGGGTGTGG	-
WGGGTGTGGYY	MA0685.1	4	2.75668e-05	0.0387038	0.0154374	11	TGGGTGTGGCC	AAAGGGGGCGTGGCTTA	-
WGGGTGTGGYY	MA0599.1	0	3.59988e-05	0.0505424	0.0167995	10	TGGGTGTGGCC	GGGGCGGGGC	-
WGGGTGTGGYY	MA0740.1	3	5.13891e-05	0.0721503	0.0205556	11	TGGGTGTGGCC	AAGGGGGCGTGGCC	-
WGGGTGTGGYY	MA0746.1	1	7.46288e-05	0.104779	0.0261201	10	TGGGTGTGGCC	GGGGGCGTGGC	-
WGGGTGTGGYY	MA0747.1	2	0.000135726	0.19056	0.042226	10	TGGGTGTGGCC	AGTGGGCGTGGC	-
WGGGTGTGGYY	MA0741.1	1	0.00018605	0.261214	0.052094	10	TGGGTGTGGCC	GGGGGCGTGGC	-
VWGATAAR	MA0035.3	1	3.89061e-07	0.000546241	0.000545858	8	CAGATAAG	ACAGATAAGAA	-
VWGATAAR	MA0482.1	2	3.89061e-07	0.000546241	0.000545858	8	CAGATAAG	GGGAGATAAGA	-
VWGATAAR	MA0140.2	10	1.898e-06	0.0026648	0.00177528	8	CAGATAAG	CTGCTCCTCACAGATAAG	-
VWGATAAR	MA1104.1	2	1.73568e-05	0.0243689	0.0121759	8	CAGATAAG	AAAAGATAAGAAA	+
VWGATAAR	MA0036.3	1	2.45576e-05	0.0344788	0.0137818	8	CAGATAAG	AAAGATAAGAA	-
VWGATAAR	MA0766.1	-1	9.72111e-05	0.136484	0.0454629	7	CAGATAAG	AGATAAGA	+
VWGATAAR	MA0300.1	0	0.000137525	0.193085	0.0482373	8	CAGATAAG	CCGATAAG	+
VWGATAAR	MA0037.3	-1	0.000137525	0.193085	0.0482373	7	CAGATAAG	AGATAAGA	+
VWGATAAR	MA0542.1	-1	0.000490618	0.688828	0.152966	7	CAGATAAG	TGATAAGA	-
GNYAGGTGWGKCYTGADRRVW	MA1039.1	0	4.51744e-05	0.0634248	0.100461	8	GTTAGGTGAGGCCTGAAGAGT	GGTAGGTG	+
GNYAGGTGWGKCYTGADRRVW	MA1036.1	0	0.000101794	0.142919	0.100461	8	GTTAGGTGAGGCCTGAAGAGT	GGTAGGTA	+
GNYAGGTGWGKCYTGADRRVW	MA1107.1	0	0.000107367	0.150743	0.100461	13	GTTAGGTGAGGCCTGAAGAGT	GGTGGGTGTGGCC	-
GNYAGGTGWGKCYTGADRRVW	MA1040.1	0	0.000144459	0.202821	0.101376	8	GTTAGGTGAGGCCTGAAGAGT	GTTAGGTA	+

# Tomtom (Motif Comparison Tool): Version 5.1.0 compiled on Oct  9 2019 at 16:32:11
# The format of this file is described at http://meme-suite.org/doc/tomtom-output-format.html.
# tomtom -verbosity 1 -oc memechip_example_output_files/meme_tomtom_out -min-overlap 5 -dist pearson -evalue -thresh 1 -no-ssc memechip_example_output_files/meme_out/meme.xml JASPAR2018_CORE_non-redundant.meme
